countryIsoCode,country,indexCode,index,dimension,indicatorCode,indicator,year,value,note
BRN,Brunei Darussalam,HDI,Human Development Index,,hdi,Human Development Index (value),1990,0.781,
BRN,Brunei Darussalam,HDI,Human Development Index,,hdi,Human Development Index (value),1991,0.782,
BRN,Brunei Darussalam,HDI,Human Development Index,,hdi,Human Development Index (value),1992,0.782,
BRN,Brunei Darussalam,HDI,Human Development Index,,hdi,Human Development Index (value),1993,0.783,
BRN,Brunei Darussalam,HDI,Human Development Index,,hdi,Human Development Index (value),1994,0.782,
BRN,Brunei Darussalam,HDI,Human Development Index,,hdi,Human Development Index (value),1995,0.784,
BRN,Brunei Darussalam,HDI,Human Development Index,,hdi,Human Development Index (value),1996,0.784,
BRN,Brunei Darussalam,HDI,Human Development Index,,hdi,Human Development Index (value),1997,0.785,
BRN,Brunei Darussalam,HDI,Human Development Index,,hdi,Human Development Index (value),1998,0.785,
BRN,Brunei Darussalam,HDI,Human Development Index,,hdi,Human Development Index (value),1999,0.79,
BRN,Brunei Darussalam,HDI,Human Development Index,,hdi,Human Development Index (value),2000,0.792,
BRN,Brunei Darussalam,HDI,Human Development Index,,hdi,Human Development Index (value),2001,0.794,
BRN,Brunei Darussalam,HDI,Human Development Index,,hdi,Human Development Index (value),2002,0.798,
BRN,Brunei Darussalam,HDI,Human Development Index,,hdi,Human Development Index (value),2003,0.804,
BRN,Brunei Darussalam,HDI,Human Development Index,,hdi,Human Development Index (value),2004,0.81,
BRN,Brunei Darussalam,HDI,Human Development Index,,hdi,Human Development Index (value),2005,0.814,
BRN,Brunei Darussalam,HDI,Human Development Index,,hdi,Human Development Index (value),2006,0.819,
BRN,Brunei Darussalam,HDI,Human Development Index,,hdi,Human Development Index (value),2007,0.822,
BRN,Brunei Darussalam,HDI,Human Development Index,,hdi,Human Development Index (value),2008,0.824,
BRN,Brunei Darussalam,HDI,Human Development Index,,hdi,Human Development Index (value),2009,0.828,
BRN,Brunei Darussalam,HDI,Human Development Index,,hdi,Human Development Index (value),2010,0.83,
BRN,Brunei Darussalam,HDI,Human Development Index,,hdi,Human Development Index (value),2011,0.834,
BRN,Brunei Darussalam,HDI,Human Development Index,,hdi,Human Development Index (value),2012,0.841,
BRN,Brunei Darussalam,HDI,Human Development Index,,hdi,Human Development Index (value),2013,0.842,
BRN,Brunei Darussalam,HDI,Human Development Index,,hdi,Human Development Index (value),2014,0.841,
BRN,Brunei Darussalam,HDI,Human Development Index,,hdi,Human Development Index (value),2015,0.839,
BRN,Brunei Darussalam,HDI,Human Development Index,,hdi,Human Development Index (value),2016,0.838,
BRN,Brunei Darussalam,HDI,Human Development Index,,hdi,Human Development Index (value),2017,0.837,
BRN,Brunei Darussalam,HDI,Human Development Index,,hdi,Human Development Index (value),2018,0.837,
BRN,Brunei Darussalam,HDI,Human Development Index,,hdi,Human Development Index (value),2019,0.835,
BRN,Brunei Darussalam,HDI,Human Development Index,,hdi,Human Development Index (value),2020,0.836,
BRN,Brunei Darussalam,HDI,Human Development Index,,hdi,Human Development Index (value),2021,0.835,
BRN,Brunei Darussalam,HDI,Human Development Index,,hdi,Human Development Index (value),2022,0.825,
BRN,Brunei Darussalam,HDI,Human Development Index,,hdi,Human Development Index (value),2023,0.837,
BRN,Brunei Darussalam,HDI,Human Development Index,,le,Life Expectancy at Birth (years),1990,71.629,
BRN,Brunei Darussalam,HDI,Human Development Index,,le,Life Expectancy at Birth (years),1991,71.858,
BRN,Brunei Darussalam,HDI,Human Development Index,,le,Life Expectancy at Birth (years),1992,72.09,
BRN,Brunei Darussalam,HDI,Human Development Index,,le,Life Expectancy at Birth (years),1993,72.333,
BRN,Brunei Darussalam,HDI,Human Development Index,,le,Life Expectancy at Birth (years),1994,72.571,
BRN,Brunei Darussalam,HDI,Human Development Index,,le,Life Expectancy at Birth (years),1995,72.838,
BRN,Brunei Darussalam,HDI,Human Development Index,,le,Life Expectancy at Birth (years),1996,73.079,
BRN,Brunei Darussalam,HDI,Human Development Index,,le,Life Expectancy at Birth (years),1997,73.326,
BRN,Brunei Darussalam,HDI,Human Development Index,,le,Life Expectancy at Birth (years),1998,73.584,
BRN,Brunei Darussalam,HDI,Human Development Index,,le,Life Expectancy at Birth (years),1999,73.806,
BRN,Brunei Darussalam,HDI,Human Development Index,,le,Life Expectancy at Birth (years),2000,74.017,
BRN,Brunei Darussalam,HDI,Human Development Index,,le,Life Expectancy at Birth (years),2001,74.209,
BRN,Brunei Darussalam,HDI,Human Development Index,,le,Life Expectancy at Birth (years),2002,74.365,
BRN,Brunei Darussalam,HDI,Human Development Index,,le,Life Expectancy at Birth (years),2003,74.509,
BRN,Brunei Darussalam,HDI,Human Development Index,,le,Life Expectancy at Birth (years),2004,74.603,
BRN,Brunei Darussalam,HDI,Human Development Index,,le,Life Expectancy at Birth (years),2005,74.683,
BRN,Brunei Darussalam,HDI,Human Development Index,,le,Life Expectancy at Birth (years),2006,74.753,
BRN,Brunei Darussalam,HDI,Human Development Index,,le,Life Expectancy at Birth (years),2007,74.793,
BRN,Brunei Darussalam,HDI,Human Development Index,,le,Life Expectancy at Birth (years),2008,74.814,
BRN,Brunei Darussalam,HDI,Human Development Index,,le,Life Expectancy at Birth (years),2009,74.814,
BRN,Brunei Darussalam,HDI,Human Development Index,,le,Life Expectancy at Birth (years),2010,74.82,
BRN,Brunei Darussalam,HDI,Human Development Index,,le,Life Expectancy at Birth (years),2011,74.835,
BRN,Brunei Darussalam,HDI,Human Development Index,,le,Life Expectancy at Birth (years),2012,74.843,
BRN,Brunei Darussalam,HDI,Human Development Index,,le,Life Expectancy at Birth (years),2013,74.854,
BRN,Brunei Darussalam,HDI,Human Development Index,,le,Life Expectancy at Birth (years),2014,74.862,
BRN,Brunei Darussalam,HDI,Human Development Index,,le,Life Expectancy at Birth (years),2015,74.88,
BRN,Brunei Darussalam,HDI,Human Development Index,,le,Life Expectancy at Birth (years),2016,74.905,
BRN,Brunei Darussalam,HDI,Human Development Index,,le,Life Expectancy at Birth (years),2017,74.943,
BRN,Brunei Darussalam,HDI,Human Development Index,,le,Life Expectancy at Birth (years),2018,74.992,
BRN,Brunei Darussalam,HDI,Human Development Index,,le,Life Expectancy at Birth (years),2019,75.049,
BRN,Brunei Darussalam,HDI,Human Development Index,,le,Life Expectancy at Birth (years),2020,75.114,
BRN,Brunei Darussalam,HDI,Human Development Index,,le,Life Expectancy at Birth (years),2021,74.869,
BRN,Brunei Darussalam,HDI,Human Development Index,,le,Life Expectancy at Birth (years),2022,72.917,
BRN,Brunei Darussalam,HDI,Human Development Index,,le,Life Expectancy at Birth (years),2023,75.327,
BRN,Brunei Darussalam,HDI,Human Development Index,,mys,Mean Years of Schooling (years),1990,7.51,
BRN,Brunei Darussalam,HDI,Human Development Index,,mys,Mean Years of Schooling (years),1991,7.62,
BRN,Brunei Darussalam,HDI,Human Development Index,,mys,Mean Years of Schooling (years),1992,7.73,
BRN,Brunei Darussalam,HDI,Human Development Index,,mys,Mean Years of Schooling (years),1993,7.84,
BRN,Brunei Darussalam,HDI,Human Development Index,,mys,Mean Years of Schooling (years),1994,7.95,
BRN,Brunei Darussalam,HDI,Human Development Index,,mys,Mean Years of Schooling (years),1995,8.06,
BRN,Brunei Darussalam,HDI,Human Development Index,,mys,Mean Years of Schooling (years),1996,8.106,
BRN,Brunei Darussalam,HDI,Human Development Index,,mys,Mean Years of Schooling (years),1997,8.152,
BRN,Brunei Darussalam,HDI,Human Development Index,,mys,Mean Years of Schooling (years),1998,8.198,
BRN,Brunei Darussalam,HDI,Human Development Index,,mys,Mean Years of Schooling (years),1999,8.244,
BRN,Brunei Darussalam,HDI,Human Development Index,,mys,Mean Years of Schooling (years),2000,8.29,
BRN,Brunei Darussalam,HDI,Human Development Index,,mys,Mean Years of Schooling (years),2001,8.328,
BRN,Brunei Darussalam,HDI,Human Development Index,,mys,Mean Years of Schooling (years),2002,8.366,
BRN,Brunei Darussalam,HDI,Human Development Index,,mys,Mean Years of Schooling (years),2003,8.404,
BRN,Brunei Darussalam,HDI,Human Development Index,,mys,Mean Years of Schooling (years),2004,8.442,
BRN,Brunei Darussalam,HDI,Human Development Index,,mys,Mean Years of Schooling (years),2005,8.48,
BRN,Brunei Darussalam,HDI,Human Development Index,,mys,Mean Years of Schooling (years),2006,8.538,
BRN,Brunei Darussalam,HDI,Human Development Index,,mys,Mean Years of Schooling (years),2007,8.596,
BRN,Brunei Darussalam,HDI,Human Development Index,,mys,Mean Years of Schooling (years),2008,8.654,
BRN,Brunei Darussalam,HDI,Human Development Index,,mys,Mean Years of Schooling (years),2009,8.712,
BRN,Brunei Darussalam,HDI,Human Development Index,,mys,Mean Years of Schooling (years),2010,8.77,
BRN,Brunei Darussalam,HDI,Human Development Index,,mys,Mean Years of Schooling (years),2011,8.82,
BRN,Brunei Darussalam,HDI,Human Development Index,,mys,Mean Years of Schooling (years),2012,8.87,
BRN,Brunei Darussalam,HDI,Human Development Index,,mys,Mean Years of Schooling (years),2013,8.92,
BRN,Brunei Darussalam,HDI,Human Development Index,,mys,Mean Years of Schooling (years),2014,8.97,
BRN,Brunei Darussalam,HDI,Human Development Index,,mys,Mean Years of Schooling (years),2015,9.02,
BRN,Brunei Darussalam,HDI,Human Development Index,,mys,Mean Years of Schooling (years),2016,9.06,
BRN,Brunei Darussalam,HDI,Human Development Index,,mys,Mean Years of Schooling (years),2017,9.1,
BRN,Brunei Darussalam,HDI,Human Development Index,,mys,Mean Years of Schooling (years),2018,9.14,
BRN,Brunei Darussalam,HDI,Human Development Index,,mys,Mean Years of Schooling (years),2019,9.18,
BRN,Brunei Darussalam,HDI,Human Development Index,,mys,Mean Years of Schooling (years),2020,9.22,
BRN,Brunei Darussalam,HDI,Human Development Index,,mys,Mean Years of Schooling (years),2021,9.282,
BRN,Brunei Darussalam,HDI,Human Development Index,,mys,Mean Years of Schooling (years),2022,9.282,
BRN,Brunei Darussalam,HDI,Human Development Index,,mys,Mean Years of Schooling (years),2023,9.282,
IDN,Indonesia,HDI,Human Development Index,,hdi,Human Development Index (value),1990,0.531,
IDN,Indonesia,HDI,Human Development Index,,hdi,Human Development Index (value),1991,0.538,
IDN,Indonesia,HDI,Human Development Index,,hdi,Human Development Index (value),1992,0.545,
IDN,Indonesia,HDI,Human Development Index,,hdi,Human Development Index (value),1993,0.555,
IDN,Indonesia,HDI,Human Development Index,,hdi,Human Development Index (value),1994,0.565,
IDN,Indonesia,HDI,Human Development Index,,hdi,Human Development Index (value),1995,0.575,
IDN,Indonesia,HDI,Human Development Index,,hdi,Human Development Index (value),1996,0.585,
IDN,Indonesia,HDI,Human Development Index,,hdi,Human Development Index (value),1997,0.595,
IDN,Indonesia,HDI,Human Development Index,,hdi,Human Development Index (value),1998,0.591,
IDN,Indonesia,HDI,Human Development Index,,hdi,Human Development Index (value),1999,0.595,
IDN,Indonesia,HDI,Human Development Index,,hdi,Human Development Index (value),2000,0.6,
IDN,Indonesia,HDI,Human Development Index,,hdi,Human Development Index (value),2001,0.608,
IDN,Indonesia,HDI,Human Development Index,,hdi,Human Development Index (value),2002,0.617,
IDN,Indonesia,HDI,Human Development Index,,hdi,Human Development Index (value),2003,0.625,
IDN,Indonesia,HDI,Human Development Index,,hdi,Human Development Index (value),2004,0.624,
IDN,Indonesia,HDI,Human Development Index,,hdi,Human Development Index (value),2005,0.638,
IDN,Indonesia,HDI,Human Development Index,,hdi,Human Development Index (value),2006,0.646,
IDN,Indonesia,HDI,Human Development Index,,hdi,Human Development Index (value),2007,0.649,
IDN,Indonesia,HDI,Human Development Index,,hdi,Human Development Index (value),2008,0.653,
IDN,Indonesia,HDI,Human Development Index,,hdi,Human Development Index (value),2009,0.663,
IDN,Indonesia,HDI,Human Development Index,,hdi,Human Development Index (value),2010,0.67,
IDN,Indonesia,HDI,Human Development Index,,hdi,Human Development Index (value),2011,0.678,
IDN,Indonesia,HDI,Human Development Index,,hdi,Human Development Index (value),2012,0.686,
IDN,Indonesia,HDI,Human Development Index,,hdi,Human Development Index (value),2013,0.69,
IDN,Indonesia,HDI,Human Development Index,,hdi,Human Development Index (value),2014,0.693,
IDN,Indonesia,HDI,Human Development Index,,hdi,Human Development Index (value),2015,0.701,
IDN,Indonesia,HDI,Human Development Index,,hdi,Human Development Index (value),2016,0.705,
IDN,Indonesia,HDI,Human Development Index,,hdi,Human Development Index (value),2017,0.712,
IDN,Indonesia,HDI,Human Development Index,,hdi,Human Development Index (value),2018,0.715,
IDN,Indonesia,HDI,Human Development Index,,hdi,Human Development Index (value),2019,0.714,
IDN,Indonesia,HDI,Human Development Index,,hdi,Human Development Index (value),2020,0.71,
IDN,Indonesia,HDI,Human Development Index,,hdi,Human Development Index (value),2021,0.707,
IDN,Indonesia,HDI,Human Development Index,,hdi,Human Development Index (value),2022,0.726,
IDN,Indonesia,HDI,Human Development Index,,hdi,Human Development Index (value),2023,0.728,
IDN,Indonesia,HDI,Human Development Index,,le,Life Expectancy at Birth (years),1990,63.249,
IDN,Indonesia,HDI,Human Development Index,,le,Life Expectancy at Birth (years),1991,63.703,
IDN,Indonesia,HDI,Human Development Index,,le,Life Expectancy at Birth (years),1992,64.182,
IDN,Indonesia,HDI,Human Development Index,,le,Life Expectancy at Birth (years),1993,64.851,
IDN,Indonesia,HDI,Human Development Index,,le,Life Expectancy at Birth (years),1994,65.041,
IDN,Indonesia,HDI,Human Development Index,,le,Life Expectancy at Birth (years),1995,65.263,
IDN,Indonesia,HDI,Human Development Index,,le,Life Expectancy at Birth (years),1996,65.465,
IDN,Indonesia,HDI,Human Development Index,,le,Life Expectancy at Birth (years),1997,65.774,
IDN,Indonesia,HDI,Human Development Index,,le,Life Expectancy at Birth (years),1998,65.942,
IDN,Indonesia,HDI,Human Development Index,,le,Life Expectancy at Birth (years),1999,66.001,
IDN,Indonesia,HDI,Human Development Index,,le,Life Expectancy at Birth (years),2000,66.292,
IDN,Indonesia,HDI,Human Development Index,,le,Life Expectancy at Birth (years),2001,66.583,
IDN,Indonesia,HDI,Human Development Index,,le,Life Expectancy at Birth (years),2002,66.954,
IDN,Indonesia,HDI,Human Development Index,,le,Life Expectancy at Birth (years),2003,67.134,
IDN,Indonesia,HDI,Human Development Index,,le,Life Expectancy at Birth (years),2004,65.521,
IDN,Indonesia,HDI,Human Development Index,,le,Life Expectancy at Birth (years),2005,67.531,
IDN,Indonesia,HDI,Human Development Index,,le,Life Expectancy at Birth (years),2006,67.664,
IDN,Indonesia,HDI,Human Development Index,,le,Life Expectancy at Birth (years),2007,67.914,
IDN,Indonesia,HDI,Human Development Index,,le,Life Expectancy at Birth (years),2008,68.085,
IDN,Indonesia,HDI,Human Development Index,,le,Life Expectancy at Birth (years),2009,68.267,
IDN,Indonesia,HDI,Human Development Index,,le,Life Expectancy at Birth (years),2010,68.364,
IDN,Indonesia,HDI,Human Development Index,,le,Life Expectancy at Birth (years),2011,68.629,
IDN,Indonesia,HDI,Human Development Index,,le,Life Expectancy at Birth (years),2012,68.862,
IDN,Indonesia,HDI,Human Development Index,,le,Life Expectancy at Birth (years),2013,69.064,
IDN,Indonesia,HDI,Human Development Index,,le,Life Expectancy at Birth (years),2014,69.292,
IDN,Indonesia,HDI,Human Development Index,,le,Life Expectancy at Birth (years),2015,69.52,
IDN,Indonesia,HDI,Human Development Index,,le,Life Expectancy at Birth (years),2016,69.733,
IDN,Indonesia,HDI,Human Development Index,,le,Life Expectancy at Birth (years),2017,69.953,
IDN,Indonesia,HDI,Human Development Index,,le,Life Expectancy at Birth (years),2018,70.08,
IDN,Indonesia,HDI,Human Development Index,,le,Life Expectancy at Birth (years),2019,70.349,
IDN,Indonesia,HDI,Human Development Index,,le,Life Expectancy at Birth (years),2020,68.817,
IDN,Indonesia,HDI,Human Development Index,,le,Life Expectancy at Birth (years),2021,67.452,
IDN,Indonesia,HDI,Human Development Index,,le,Life Expectancy at Birth (years),2022,70.925,
IDN,Indonesia,HDI,Human Development Index,,le,Life Expectancy at Birth (years),2023,71.146,
IDN,Indonesia,HDI,Human Development Index,,mys,Mean Years of Schooling (years),1990,3.220000029,
IDN,Indonesia,HDI,Human Development Index,,mys,Mean Years of Schooling (years),1991,3.493125036,
IDN,Indonesia,HDI,Human Development Index,,mys,Mean Years of Schooling (years),1992,3.766250044,
IDN,Indonesia,HDI,Human Development Index,,mys,Mean Years of Schooling (years),1993,4.039375052,
IDN,Indonesia,HDI,Human Development Index,,mys,Mean Years of Schooling (years),1994,4.31250006,
IDN,Indonesia,HDI,Human Development Index,,mys,Mean Years of Schooling (years),1995,4.585625067,
IDN,Indonesia,HDI,Human Development Index,,mys,Mean Years of Schooling (years),1996,4.858750075,
IDN,Indonesia,HDI,Human Development Index,,mys,Mean Years of Schooling (years),1997,5.131875083,
IDN,Indonesia,HDI,Human Development Index,,mys,Mean Years of Schooling (years),1998,5.405000091,
IDN,Indonesia,HDI,Human Development Index,,mys,Mean Years of Schooling (years),1999,5.678125098,
IDN,Indonesia,HDI,Human Development Index,,mys,Mean Years of Schooling (years),2000,5.951250106,
IDN,Indonesia,HDI,Human Development Index,,mys,Mean Years of Schooling (years),2001,6.224375114,
IDN,Indonesia,HDI,Human Development Index,,mys,Mean Years of Schooling (years),2002,6.497500122,
IDN,Indonesia,HDI,Human Development Index,,mys,Mean Years of Schooling (years),2003,6.770625129,
IDN,Indonesia,HDI,Human Development Index,,mys,Mean Years of Schooling (years),2004,7.043750137,
IDN,Indonesia,HDI,Human Development Index,,mys,Mean Years of Schooling (years),2005,7.316875145,
IDN,Indonesia,HDI,Human Development Index,,mys,Mean Years of Schooling (years),2006,7.590000153,
IDN,Indonesia,HDI,Human Development Index,,mys,Mean Years of Schooling (years),2007,7.019999981,
IDN,Indonesia,HDI,Human Development Index,,mys,Mean Years of Schooling (years),2008,7.070000172,
IDN,Indonesia,HDI,Human Development Index,,mys,Mean Years of Schooling (years),2009,7.309999943,
IDN,Indonesia,HDI,Human Development Index,,mys,Mean Years of Schooling (years),2010,7.410000086,
IDN,Indonesia,HDI,Human Development Index,,mys,Mean Years of Schooling (years),2011,7.510000229,
IDN,Indonesia,HDI,Human Development Index,,mys,Mean Years of Schooling (years),2012,7.606666883,
IDN,Indonesia,HDI,Human Development Index,,mys,Mean Years of Schooling (years),2013,7.703333537,
IDN,Indonesia,HDI,Human Development Index,,mys,Mean Years of Schooling (years),2014,7.800000191,
IDN,Indonesia,HDI,Human Development Index,,mys,Mean Years of Schooling (years),2015,7.909999847,
IDN,Indonesia,HDI,Human Development Index,,mys,Mean Years of Schooling (years),2016,7.980000019,
IDN,Indonesia,HDI,Human Development Index,,mys,Mean Years of Schooling (years),2017,8.239589691,
IDN,Indonesia,HDI,Human Development Index,,mys,Mean Years of Schooling (years),2018,8.159999847,
IDN,Indonesia,HDI,Human Development Index,,mys,Mean Years of Schooling (years),2019,8.360000134,
IDN,Indonesia,HDI,Human Development Index,,mys,Mean Years of Schooling (years),2020,8.56000042,
IDN,Indonesia,HDI,Human Development Index,,mys,Mean Years of Schooling (years),2021,8.6972232,
IDN,Indonesia,HDI,Human Development Index,,mys,Mean Years of Schooling (years),2022,8.6972232,
IDN,Indonesia,HDI,Human Development Index,,mys,Mean Years of Schooling (years),2023,8.6972232,
KHM,Cambodia,HDI,Human Development Index,,hdi,Human Development Index (value),1990,0.387,
KHM,Cambodia,HDI,Human Development Index,,hdi,Human Development Index (value),1991,0.392,
KHM,Cambodia,HDI,Human Development Index,,hdi,Human Development Index (value),1992,0.396,
KHM,Cambodia,HDI,Human Development Index,,hdi,Human Development Index (value),1993,0.399,
KHM,Cambodia,HDI,Human Development Index,,hdi,Human Development Index (value),1994,0.4,
KHM,Cambodia,HDI,Human Development Index,,hdi,Human Development Index (value),1995,0.404,
KHM,Cambodia,HDI,Human Development Index,,hdi,Human Development Index (value),1996,0.408,
KHM,Cambodia,HDI,Human Development Index,,hdi,Human Development Index (value),1997,0.414,
KHM,Cambodia,HDI,Human Development Index,,hdi,Human Development Index (value),1998,0.419,
KHM,Cambodia,HDI,Human Development Index,,hdi,Human Development Index (value),1999,0.429,
KHM,Cambodia,HDI,Human Development Index,,hdi,Human Development Index (value),2000,0.438,
KHM,Cambodia,HDI,Human Development Index,,hdi,Human Development Index (value),2001,0.453,
KHM,Cambodia,HDI,Human Development Index,,hdi,Human Development Index (value),2002,0.473,
KHM,Cambodia,HDI,Human Development Index,,hdi,Human Development Index (value),2003,0.488,
KHM,Cambodia,HDI,Human Development Index,,hdi,Human Development Index (value),2004,0.502,
KHM,Cambodia,HDI,Human Development Index,,hdi,Human Development Index (value),2005,0.514,
KHM,Cambodia,HDI,Human Development Index,,hdi,Human Development Index (value),2006,0.525,
KHM,Cambodia,HDI,Human Development Index,,hdi,Human Development Index (value),2007,0.534,
KHM,Cambodia,HDI,Human Development Index,,hdi,Human Development Index (value),2008,0.539,
KHM,Cambodia,HDI,Human Development Index,,hdi,Human Development Index (value),2009,0.539,
KHM,Cambodia,HDI,Human Development Index,,hdi,Human Development Index (value),2010,0.543,
KHM,Cambodia,HDI,Human Development Index,,hdi,Human Development Index (value),2011,0.547,
KHM,Cambodia,HDI,Human Development Index,,hdi,Human Development Index (value),2012,0.551,
KHM,Cambodia,HDI,Human Development Index,,hdi,Human Development Index (value),2013,0.554,
KHM,Cambodia,HDI,Human Development Index,,hdi,Human Development Index (value),2014,0.557,
KHM,Cambodia,HDI,Human Development Index,,hdi,Human Development Index (value),2015,0.562,
KHM,Cambodia,HDI,Human Development Index,,hdi,Human Development Index (value),2016,0.57,
KHM,Cambodia,HDI,Human Development Index,,hdi,Human Development Index (value),2017,0.578,
KHM,Cambodia,HDI,Human Development Index,,hdi,Human Development Index (value),2018,0.586,
KHM,Cambodia,HDI,Human Development Index,,hdi,Human Development Index (value),2019,0.593,
KHM,Cambodia,HDI,Human Development Index,,hdi,Human Development Index (value),2020,0.595,
KHM,Cambodia,HDI,Human Development Index,,hdi,Human Development Index (value),2021,0.594,
KHM,Cambodia,HDI,Human Development Index,,hdi,Human Development Index (value),2022,0.602,
KHM,Cambodia,HDI,Human Development Index,,hdi,Human Development Index (value),2023,0.606,
KHM,Cambodia,HDI,Human Development Index,,le,Life Expectancy at Birth (years),1990,55.205,
KHM,Cambodia,HDI,Human Development Index,,le,Life Expectancy at Birth (years),1991,55.582,
KHM,Cambodia,HDI,Human Development Index,,le,Life Expectancy at Birth (years),1992,55.747,
KHM,Cambodia,HDI,Human Development Index,,le,Life Expectancy at Birth (years),1993,56.036,
KHM,Cambodia,HDI,Human Development Index,,le,Life Expectancy at Birth (years),1994,56.221,
KHM,Cambodia,HDI,Human Development Index,,le,Life Expectancy at Birth (years),1995,56.562,
KHM,Cambodia,HDI,Human Development Index,,le,Life Expectancy at Birth (years),1996,56.832,
KHM,Cambodia,HDI,Human Development Index,,le,Life Expectancy at Birth (years),1997,57.266,
KHM,Cambodia,HDI,Human Development Index,,le,Life Expectancy at Birth (years),1998,57.859,
KHM,Cambodia,HDI,Human Development Index,,le,Life Expectancy at Birth (years),1999,58.611,
KHM,Cambodia,HDI,Human Development Index,,le,Life Expectancy at Birth (years),2000,59.491,
KHM,Cambodia,HDI,Human Development Index,,le,Life Expectancy at Birth (years),2001,60.457,
KHM,Cambodia,HDI,Human Development Index,,le,Life Expectancy at Birth (years),2002,61.395,
KHM,Cambodia,HDI,Human Development Index,,le,Life Expectancy at Birth (years),2003,62.345,
KHM,Cambodia,HDI,Human Development Index,,le,Life Expectancy at Birth (years),2004,63.256,
KHM,Cambodia,HDI,Human Development Index,,le,Life Expectancy at Birth (years),2005,64.113,
KHM,Cambodia,HDI,Human Development Index,,le,Life Expectancy at Birth (years),2006,64.886,
KHM,Cambodia,HDI,Human Development Index,,le,Life Expectancy at Birth (years),2007,65.549,
KHM,Cambodia,HDI,Human Development Index,,le,Life Expectancy at Birth (years),2008,66.147,
KHM,Cambodia,HDI,Human Development Index,,le,Life Expectancy at Birth (years),2009,66.747,
KHM,Cambodia,HDI,Human Development Index,,le,Life Expectancy at Birth (years),2010,67.311,
KHM,Cambodia,HDI,Human Development Index,,le,Life Expectancy at Birth (years),2011,67.869,
KHM,Cambodia,HDI,Human Development Index,,le,Life Expectancy at Birth (years),2012,68.371,
KHM,Cambodia,HDI,Human Development Index,,le,Life Expectancy at Birth (years),2013,68.755,
KHM,Cambodia,HDI,Human Development Index,,le,Life Expectancy at Birth (years),2014,69.117,
KHM,Cambodia,HDI,Human Development Index,,le,Life Expectancy at Birth (years),2015,69.398,
KHM,Cambodia,HDI,Human Development Index,,le,Life Expectancy at Birth (years),2016,69.635,
KHM,Cambodia,HDI,Human Development Index,,le,Life Expectancy at Birth (years),2017,69.842,
KHM,Cambodia,HDI,Human Development Index,,le,Life Expectancy at Birth (years),2018,69.993,
KHM,Cambodia,HDI,Human Development Index,,le,Life Expectancy at Birth (years),2019,70.127,
KHM,Cambodia,HDI,Human Development Index,,le,Life Expectancy at Birth (years),2020,70.059,
KHM,Cambodia,HDI,Human Development Index,,le,Life Expectancy at Birth (years),2021,69.301,
KHM,Cambodia,HDI,Human Development Index,,le,Life Expectancy at Birth (years),2022,70.528,
KHM,Cambodia,HDI,Human Development Index,,le,Life Expectancy at Birth (years),2023,70.668,
KHM,Cambodia,HDI,Human Development Index,,mys,Mean Years of Schooling (years),1990,2.817617319,
KHM,Cambodia,HDI,Human Development Index,,mys,Mean Years of Schooling (years),1991,2.872084271,
KHM,Cambodia,HDI,Human Development Index,,mys,Mean Years of Schooling (years),1992,2.926551222,
KHM,Cambodia,HDI,Human Development Index,,mys,Mean Years of Schooling (years),1993,2.981018174,
KHM,Cambodia,HDI,Human Development Index,,mys,Mean Years of Schooling (years),1994,3.035485126,
KHM,Cambodia,HDI,Human Development Index,,mys,Mean Years of Schooling (years),1995,3.089952078,
KHM,Cambodia,HDI,Human Development Index,,mys,Mean Years of Schooling (years),1996,3.146513913,
KHM,Cambodia,HDI,Human Development Index,,mys,Mean Years of Schooling (years),1997,3.203075747,
KHM,Cambodia,HDI,Human Development Index,,mys,Mean Years of Schooling (years),1998,3.259637582,
KHM,Cambodia,HDI,Human Development Index,,mys,Mean Years of Schooling (years),1999,3.316199417,
KHM,Cambodia,HDI,Human Development Index,,mys,Mean Years of Schooling (years),2000,3.372761251,
KHM,Cambodia,HDI,Human Development Index,,mys,Mean Years of Schooling (years),2001,3.435607734,
KHM,Cambodia,HDI,Human Development Index,,mys,Mean Years of Schooling (years),2002,3.498454217,
KHM,Cambodia,HDI,Human Development Index,,mys,Mean Years of Schooling (years),2003,3.5613007,
KHM,Cambodia,HDI,Human Development Index,,mys,Mean Years of Schooling (years),2004,3.624147183,
KHM,Cambodia,HDI,Human Development Index,,mys,Mean Years of Schooling (years),2005,3.686993666,
KHM,Cambodia,HDI,Human Development Index,,mys,Mean Years of Schooling (years),2006,3.808496866,
KHM,Cambodia,HDI,Human Development Index,,mys,Mean Years of Schooling (years),2007,3.930000067,
KHM,Cambodia,HDI,Human Development Index,,mys,Mean Years of Schooling (years),2008,4.03000021,
KHM,Cambodia,HDI,Human Development Index,,mys,Mean Years of Schooling (years),2009,3.940000057,
KHM,Cambodia,HDI,Human Development Index,,mys,Mean Years of Schooling (years),2010,3.872000027,
KHM,Cambodia,HDI,Human Development Index,,mys,Mean Years of Schooling (years),2011,3.803999996,
KHM,Cambodia,HDI,Human Development Index,,mys,Mean Years of Schooling (years),2012,3.735999966,
KHM,Cambodia,HDI,Human Development Index,,mys,Mean Years of Schooling (years),2013,3.667999935,
KHM,Cambodia,HDI,Human Development Index,,mys,Mean Years of Schooling (years),2014,3.599999905,
KHM,Cambodia,HDI,Human Development Index,,mys,Mean Years of Schooling (years),2015,3.670000076,
KHM,Cambodia,HDI,Human Development Index,,mys,Mean Years of Schooling (years),2016,3.952092528,
KHM,Cambodia,HDI,Human Development Index,,mys,Mean Years of Schooling (years),2017,4.23418498,
KHM,Cambodia,HDI,Human Development Index,,mys,Mean Years of Schooling (years),2018,4.516277432,
KHM,Cambodia,HDI,Human Development Index,,mys,Mean Years of Schooling (years),2019,4.798369884,
KHM,Cambodia,HDI,Human Development Index,,mys,Mean Years of Schooling (years),2020,4.997735023,
KHM,Cambodia,HDI,Human Development Index,,mys,Mean Years of Schooling (years),2021,5.197100163,
KHM,Cambodia,HDI,Human Development Index,,mys,Mean Years of Schooling (years),2022,5.197100163,
KHM,Cambodia,HDI,Human Development Index,,mys,Mean Years of Schooling (years),2023,5.197100163,
LAO,Lao People's Democratic Republic,HDI,Human Development Index,,hdi,Human Development Index (value),1990,0.409,
LAO,Lao People's Democratic Republic,HDI,Human Development Index,,hdi,Human Development Index (value),1991,0.415,
LAO,Lao People's Democratic Republic,HDI,Human Development Index,,hdi,Human Development Index (value),1992,0.42,
LAO,Lao People's Democratic Republic,HDI,Human Development Index,,hdi,Human Development Index (value),1993,0.426,
LAO,Lao People's Democratic Republic,HDI,Human Development Index,,hdi,Human Development Index (value),1994,0.434,
LAO,Lao People's Democratic Republic,HDI,Human Development Index,,hdi,Human Development Index (value),1995,0.436,
LAO,Lao People's Democratic Republic,HDI,Human Development Index,,hdi,Human Development Index (value),1996,0.449,
LAO,Lao People's Democratic Republic,HDI,Human Development Index,,hdi,Human Development Index (value),1997,0.455,
LAO,Lao People's Democratic Republic,HDI,Human Development Index,,hdi,Human Development Index (value),1998,0.462,
LAO,Lao People's Democratic Republic,HDI,Human Development Index,,hdi,Human Development Index (value),1999,0.469,
LAO,Lao People's Democratic Republic,HDI,Human Development Index,,hdi,Human Development Index (value),2000,0.473,
LAO,Lao People's Democratic Republic,HDI,Human Development Index,,hdi,Human Development Index (value),2001,0.479,
LAO,Lao People's Democratic Republic,HDI,Human Development Index,,hdi,Human Development Index (value),2002,0.488,
LAO,Lao People's Democratic Republic,HDI,Human Development Index,,hdi,Human Development Index (value),2003,0.496,
LAO,Lao People's Democratic Republic,HDI,Human Development Index,,hdi,Human Development Index (value),2004,0.505,
LAO,Lao People's Democratic Republic,HDI,Human Development Index,,hdi,Human Development Index (value),2005,0.514,
LAO,Lao People's Democratic Republic,HDI,Human Development Index,,hdi,Human Development Index (value),2006,0.515,
LAO,Lao People's Democratic Republic,HDI,Human Development Index,,hdi,Human Development Index (value),2007,0.529,
LAO,Lao People's Democratic Republic,HDI,Human Development Index,,hdi,Human Development Index (value),2008,0.537,
LAO,Lao People's Democratic Republic,HDI,Human Development Index,,hdi,Human Development Index (value),2009,0.548,
LAO,Lao People's Democratic Republic,HDI,Human Development Index,,hdi,Human Development Index (value),2010,0.556,
LAO,Lao People's Democratic Republic,HDI,Human Development Index,,hdi,Human Development Index (value),2011,0.567,
LAO,Lao People's Democratic Republic,HDI,Human Development Index,,hdi,Human Development Index (value),2012,0.577,
LAO,Lao People's Democratic Republic,HDI,Human Development Index,,hdi,Human Development Index (value),2013,0.587,
LAO,Lao People's Democratic Republic,HDI,Human Development Index,,hdi,Human Development Index (value),2014,0.597,
LAO,Lao People's Democratic Republic,HDI,Human Development Index,,hdi,Human Development Index (value),2015,0.604,
LAO,Lao People's Democratic Republic,HDI,Human Development Index,,hdi,Human Development Index (value),2016,0.609,
LAO,Lao People's Democratic Republic,HDI,Human Development Index,,hdi,Human Development Index (value),2017,0.612,
LAO,Lao People's Democratic Republic,HDI,Human Development Index,,hdi,Human Development Index (value),2018,0.613,
LAO,Lao People's Democratic Republic,HDI,Human Development Index,,hdi,Human Development Index (value),2019,0.615,
LAO,Lao People's Democratic Republic,HDI,Human Development Index,,hdi,Human Development Index (value),2020,0.616,
LAO,Lao People's Democratic Republic,HDI,Human Development Index,,hdi,Human Development Index (value),2021,0.613,
LAO,Lao People's Democratic Republic,HDI,Human Development Index,,hdi,Human Development Index (value),2022,0.614,
LAO,Lao People's Democratic Republic,HDI,Human Development Index,,hdi,Human Development Index (value),2023,0.617,
LAO,Lao People's Democratic Republic,HDI,Human Development Index,,le,Life Expectancy at Birth (years),1990,54.035,
LAO,Lao People's Democratic Republic,HDI,Human Development Index,,le,Life Expectancy at Birth (years),1991,54.7,
LAO,Lao People's Democratic Republic,HDI,Human Development Index,,le,Life Expectancy at Birth (years),1992,55.098,
LAO,Lao People's Democratic Republic,HDI,Human Development Index,,le,Life Expectancy at Birth (years),1993,55.583,
LAO,Lao People's Democratic Republic,HDI,Human Development Index,,le,Life Expectancy at Birth (years),1994,55.81,
LAO,Lao People's Democratic Republic,HDI,Human Development Index,,le,Life Expectancy at Birth (years),1995,56.344,
LAO,Lao People's Democratic Republic,HDI,Human Development Index,,le,Life Expectancy at Birth (years),1996,56.821,
LAO,Lao People's Democratic Republic,HDI,Human Development Index,,le,Life Expectancy at Birth (years),1997,57.302,
LAO,Lao People's Democratic Republic,HDI,Human Development Index,,le,Life Expectancy at Birth (years),1998,57.549,
LAO,Lao People's Democratic Republic,HDI,Human Development Index,,le,Life Expectancy at Birth (years),1999,57.866,
LAO,Lao People's Democratic Republic,HDI,Human Development Index,,le,Life Expectancy at Birth (years),2000,58.317,
LAO,Lao People's Democratic Republic,HDI,Human Development Index,,le,Life Expectancy at Birth (years),2001,58.887,
LAO,Lao People's Democratic Republic,HDI,Human Development Index,,le,Life Expectancy at Birth (years),2002,59.302,
LAO,Lao People's Democratic Republic,HDI,Human Development Index,,le,Life Expectancy at Birth (years),2003,59.643,
LAO,Lao People's Democratic Republic,HDI,Human Development Index,,le,Life Expectancy at Birth (years),2004,60.08,
LAO,Lao People's Democratic Republic,HDI,Human Development Index,,le,Life Expectancy at Birth (years),2005,60.688,
LAO,Lao People's Democratic Republic,HDI,Human Development Index,,le,Life Expectancy at Birth (years),2006,61.074,
LAO,Lao People's Democratic Republic,HDI,Human Development Index,,le,Life Expectancy at Birth (years),2007,61.694,
LAO,Lao People's Democratic Republic,HDI,Human Development Index,,le,Life Expectancy at Birth (years),2008,62.248,
LAO,Lao People's Democratic Republic,HDI,Human Development Index,,le,Life Expectancy at Birth (years),2009,63.023,
LAO,Lao People's Democratic Republic,HDI,Human Development Index,,le,Life Expectancy at Birth (years),2010,63.69,
LAO,Lao People's Democratic Republic,HDI,Human Development Index,,le,Life Expectancy at Birth (years),2011,64.505,
LAO,Lao People's Democratic Republic,HDI,Human Development Index,,le,Life Expectancy at Birth (years),2012,65.126,
LAO,Lao People's Democratic Republic,HDI,Human Development Index,,le,Life Expectancy at Birth (years),2013,65.723,
LAO,Lao People's Democratic Republic,HDI,Human Development Index,,le,Life Expectancy at Birth (years),2014,66.35,
LAO,Lao People's Democratic Republic,HDI,Human Development Index,,le,Life Expectancy at Birth (years),2015,66.688,
LAO,Lao People's Democratic Republic,HDI,Human Development Index,,le,Life Expectancy at Birth (years),2016,67.014,
LAO,Lao People's Democratic Republic,HDI,Human Development Index,,le,Life Expectancy at Birth (years),2017,67.345,
LAO,Lao People's Democratic Republic,HDI,Human Development Index,,le,Life Expectancy at Birth (years),2018,67.594,
LAO,Lao People's Democratic Republic,HDI,Human Development Index,,le,Life Expectancy at Birth (years),2019,67.911,
LAO,Lao People's Democratic Republic,HDI,Human Development Index,,le,Life Expectancy at Birth (years),2020,68.339,
LAO,Lao People's Democratic Republic,HDI,Human Development Index,,le,Life Expectancy at Birth (years),2021,67.807,
LAO,Lao People's Democratic Republic,HDI,Human Development Index,,le,Life Expectancy at Birth (years),2022,68.715,
LAO,Lao People's Democratic Republic,HDI,Human Development Index,,le,Life Expectancy at Birth (years),2023,68.964,
LAO,Lao People's Democratic Republic,HDI,Human Development Index,,mys,Mean Years of Schooling (years),1990,3.365593212,
LAO,Lao People's Democratic Republic,HDI,Human Development Index,,mys,Mean Years of Schooling (years),1991,3.470155332,
LAO,Lao People's Democratic Republic,HDI,Human Development Index,,mys,Mean Years of Schooling (years),1992,3.574717451,
LAO,Lao People's Democratic Republic,HDI,Human Development Index,,mys,Mean Years of Schooling (years),1993,3.67927957,
LAO,Lao People's Democratic Republic,HDI,Human Development Index,,mys,Mean Years of Schooling (years),1994,3.783841689,
LAO,Lao People's Democratic Republic,HDI,Human Development Index,,mys,Mean Years of Schooling (years),1995,3.888403808,
LAO,Lao People's Democratic Republic,HDI,Human Development Index,,mys,Mean Years of Schooling (years),1996,3.960290265,
LAO,Lao People's Democratic Republic,HDI,Human Development Index,,mys,Mean Years of Schooling (years),1997,4.032176722,
LAO,Lao People's Democratic Republic,HDI,Human Development Index,,mys,Mean Years of Schooling (years),1998,4.104063179,
LAO,Lao People's Democratic Republic,HDI,Human Development Index,,mys,Mean Years of Schooling (years),1999,4.175949636,
LAO,Lao People's Democratic Republic,HDI,Human Development Index,,mys,Mean Years of Schooling (years),2000,4.247836093,
LAO,Lao People's Democratic Republic,HDI,Human Development Index,,mys,Mean Years of Schooling (years),2001,4.31972255,
LAO,Lao People's Democratic Republic,HDI,Human Development Index,,mys,Mean Years of Schooling (years),2002,4.391609007,
LAO,Lao People's Democratic Republic,HDI,Human Development Index,,mys,Mean Years of Schooling (years),2003,4.463495464,
LAO,Lao People's Democratic Republic,HDI,Human Development Index,,mys,Mean Years of Schooling (years),2004,4.535381921,
LAO,Lao People's Democratic Republic,HDI,Human Development Index,,mys,Mean Years of Schooling (years),2005,4.607268378,
LAO,Lao People's Democratic Republic,HDI,Human Development Index,,mys,Mean Years of Schooling (years),2006,4.681333212,
LAO,Lao People's Democratic Republic,HDI,Human Development Index,,mys,Mean Years of Schooling (years),2007,4.755398047,
LAO,Lao People's Democratic Republic,HDI,Human Development Index,,mys,Mean Years of Schooling (years),2008,4.829462881,
LAO,Lao People's Democratic Republic,HDI,Human Development Index,,mys,Mean Years of Schooling (years),2009,4.903527716,
LAO,Lao People's Democratic Republic,HDI,Human Development Index,,mys,Mean Years of Schooling (years),2010,4.97759255,
LAO,Lao People's Democratic Republic,HDI,Human Development Index,,mys,Mean Years of Schooling (years),2011,5.077797914,
LAO,Lao People's Democratic Republic,HDI,Human Development Index,,mys,Mean Years of Schooling (years),2012,5.178003279,
LAO,Lao People's Democratic Republic,HDI,Human Development Index,,mys,Mean Years of Schooling (years),2013,5.278208643,
LAO,Lao People's Democratic Republic,HDI,Human Development Index,,mys,Mean Years of Schooling (years),2014,5.378414007,
LAO,Lao People's Democratic Republic,HDI,Human Development Index,,mys,Mean Years of Schooling (years),2015,5.478619371,
LAO,Lao People's Democratic Republic,HDI,Human Development Index,,mys,Mean Years of Schooling (years),2016,5.572289603,
LAO,Lao People's Democratic Republic,HDI,Human Development Index,,mys,Mean Years of Schooling (years),2017,5.665959835,
LAO,Lao People's Democratic Republic,HDI,Human Development Index,,mys,Mean Years of Schooling (years),2018,5.759630067,
LAO,Lao People's Democratic Republic,HDI,Human Development Index,,mys,Mean Years of Schooling (years),2019,5.853300299,
LAO,Lao People's Democratic Republic,HDI,Human Development Index,,mys,Mean Years of Schooling (years),2020,5.94697053,
LAO,Lao People's Democratic Republic,HDI,Human Development Index,,mys,Mean Years of Schooling (years),2021,6.06024616,
LAO,Lao People's Democratic Republic,HDI,Human Development Index,,mys,Mean Years of Schooling (years),2022,6.06024616,
LAO,Lao People's Democratic Republic,HDI,Human Development Index,,mys,Mean Years of Schooling (years),2023,6.06024616,
MMR,Myanmar,HDI,Human Development Index,,hdi,Human Development Index (value),1990,0.347,
MMR,Myanmar,HDI,Human Development Index,,hdi,Human Development Index (value),1991,0.354,
MMR,Myanmar,HDI,Human Development Index,,hdi,Human Development Index (value),1992,0.368,
MMR,Myanmar,HDI,Human Development Index,,hdi,Human Development Index (value),1993,0.374,
MMR,Myanmar,HDI,Human Development Index,,hdi,Human Development Index (value),1994,0.381,
MMR,Myanmar,HDI,Human Development Index,,hdi,Human Development Index (value),1995,0.385,
MMR,Myanmar,HDI,Human Development Index,,hdi,Human Development Index (value),1996,0.391,
MMR,Myanmar,HDI,Human Development Index,,hdi,Human Development Index (value),1997,0.396,
MMR,Myanmar,HDI,Human Development Index,,hdi,Human Development Index (value),1998,0.399,
MMR,Myanmar,HDI,Human Development Index,,hdi,Human Development Index (value),1999,0.406,
MMR,Myanmar,HDI,Human Development Index,,hdi,Human Development Index (value),2000,0.415,
MMR,Myanmar,HDI,Human Development Index,,hdi,Human Development Index (value),2001,0.423,
MMR,Myanmar,HDI,Human Development Index,,hdi,Human Development Index (value),2002,0.433,
MMR,Myanmar,HDI,Human Development Index,,hdi,Human Development Index (value),2003,0.443,
MMR,Myanmar,HDI,Human Development Index,,hdi,Human Development Index (value),2004,0.453,
MMR,Myanmar,HDI,Human Development Index,,hdi,Human Development Index (value),2005,0.463,
MMR,Myanmar,HDI,Human Development Index,,hdi,Human Development Index (value),2006,0.473,
MMR,Myanmar,HDI,Human Development Index,,hdi,Human Development Index (value),2007,0.483,
MMR,Myanmar,HDI,Human Development Index,,hdi,Human Development Index (value),2008,0.468,
MMR,Myanmar,HDI,Human Development Index,,hdi,Human Development Index (value),2009,0.504,
MMR,Myanmar,HDI,Human Development Index,,hdi,Human Development Index (value),2010,0.515,
MMR,Myanmar,HDI,Human Development Index,,hdi,Human Development Index (value),2011,0.525,
MMR,Myanmar,HDI,Human Development Index,,hdi,Human Development Index (value),2012,0.535,
MMR,Myanmar,HDI,Human Development Index,,hdi,Human Development Index (value),2013,0.546,
MMR,Myanmar,HDI,Human Development Index,,hdi,Human Development Index (value),2014,0.557,
MMR,Myanmar,HDI,Human Development Index,,hdi,Human Development Index (value),2015,0.566,
MMR,Myanmar,HDI,Human Development Index,,hdi,Human Development Index (value),2016,0.574,
MMR,Myanmar,HDI,Human Development Index,,hdi,Human Development Index (value),2017,0.587,
MMR,Myanmar,HDI,Human Development Index,,hdi,Human Development Index (value),2018,0.6,
MMR,Myanmar,HDI,Human Development Index,,hdi,Human Development Index (value),2019,0.61,
MMR,Myanmar,HDI,Human Development Index,,hdi,Human Development Index (value),2020,0.609,
MMR,Myanmar,HDI,Human Development Index,,hdi,Human Development Index (value),2021,0.605,
MMR,Myanmar,HDI,Human Development Index,,hdi,Human Development Index (value),2022,0.606,
MMR,Myanmar,HDI,Human Development Index,,hdi,Human Development Index (value),2023,0.609,
MMR,Myanmar,HDI,Human Development Index,,le,Life Expectancy at Birth (years),1990,57.159,
MMR,Myanmar,HDI,Human Development Index,,le,Life Expectancy at Birth (years),1991,57.395,
MMR,Myanmar,HDI,Human Development Index,,le,Life Expectancy at Birth (years),1992,57.681,
MMR,Myanmar,HDI,Human Development Index,,le,Life Expectancy at Birth (years),1993,58.032,
MMR,Myanmar,HDI,Human Development Index,,le,Life Expectancy at Birth (years),1994,58.326,
MMR,Myanmar,HDI,Human Development Index,,le,Life Expectancy at Birth (years),1995,58.671,
MMR,Myanmar,HDI,Human Development Index,,le,Life Expectancy at Birth (years),1996,59.169,
MMR,Myanmar,HDI,Human Development Index,,le,Life Expectancy at Birth (years),1997,59.523,
MMR,Myanmar,HDI,Human Development Index,,le,Life Expectancy at Birth (years),1998,59.896,
MMR,Myanmar,HDI,Human Development Index,,le,Life Expectancy at Birth (years),1999,60.107,
MMR,Myanmar,HDI,Human Development Index,,le,Life Expectancy at Birth (years),2000,60.357,
MMR,Myanmar,HDI,Human Development Index,,le,Life Expectancy at Birth (years),2001,60.64,
MMR,Myanmar,HDI,Human Development Index,,le,Life Expectancy at Birth (years),2002,60.925,
MMR,Myanmar,HDI,Human Development Index,,le,Life Expectancy at Birth (years),2003,61.196,
MMR,Myanmar,HDI,Human Development Index,,le,Life Expectancy at Birth (years),2004,61.443,
MMR,Myanmar,HDI,Human Development Index,,le,Life Expectancy at Birth (years),2005,61.72,
MMR,Myanmar,HDI,Human Development Index,,le,Life Expectancy at Birth (years),2006,62.026,
MMR,Myanmar,HDI,Human Development Index,,le,Life Expectancy at Birth (years),2007,62.367,
MMR,Myanmar,HDI,Human Development Index,,le,Life Expectancy at Birth (years),2008,56.364,
MMR,Myanmar,HDI,Human Development Index,,le,Life Expectancy at Birth (years),2009,63.095,
MMR,Myanmar,HDI,Human Development Index,,le,Life Expectancy at Birth (years),2010,63.479,
MMR,Myanmar,HDI,Human Development Index,,le,Life Expectancy at Birth (years),2011,63.859,
MMR,Myanmar,HDI,Human Development Index,,le,Life Expectancy at Birth (years),2012,64.251,
MMR,Myanmar,HDI,Human Development Index,,le,Life Expectancy at Birth (years),2013,64.617,
MMR,Myanmar,HDI,Human Development Index,,le,Life Expectancy at Birth (years),2014,64.994,
MMR,Myanmar,HDI,Human Development Index,,le,Life Expectancy at Birth (years),2015,65.288,
MMR,Myanmar,HDI,Human Development Index,,le,Life Expectancy at Birth (years),2016,65.64,
MMR,Myanmar,HDI,Human Development Index,,le,Life Expectancy at Birth (years),2017,65.909,
MMR,Myanmar,HDI,Human Development Index,,le,Life Expectancy at Birth (years),2018,66.232,
MMR,Myanmar,HDI,Human Development Index,,le,Life Expectancy at Birth (years),2019,66.457,
MMR,Myanmar,HDI,Human Development Index,,le,Life Expectancy at Birth (years),2020,66.612,
MMR,Myanmar,HDI,Human Development Index,,le,Life Expectancy at Birth (years),2021,65.553,
MMR,Myanmar,HDI,Human Development Index,,le,Life Expectancy at Birth (years),2022,66.506,
MMR,Myanmar,HDI,Human Development Index,,le,Life Expectancy at Birth (years),2023,66.889,
MMR,Myanmar,HDI,Human Development Index,,mys,Mean Years of Schooling (years),1990,2.220867026,
MMR,Myanmar,HDI,Human Development Index,,mys,Mean Years of Schooling (years),1991,2.272047501,
MMR,Myanmar,HDI,Human Development Index,,mys,Mean Years of Schooling (years),1992,2.323227975,
MMR,Myanmar,HDI,Human Development Index,,mys,Mean Years of Schooling (years),1993,2.37440845,
MMR,Myanmar,HDI,Human Development Index,,mys,Mean Years of Schooling (years),1994,2.425588925,
MMR,Myanmar,HDI,Human Development Index,,mys,Mean Years of Schooling (years),1995,2.4767694,
MMR,Myanmar,HDI,Human Development Index,,mys,Mean Years of Schooling (years),1996,2.548056489,
MMR,Myanmar,HDI,Human Development Index,,mys,Mean Years of Schooling (years),1997,2.619343579,
MMR,Myanmar,HDI,Human Development Index,,mys,Mean Years of Schooling (years),1998,2.690630669,
MMR,Myanmar,HDI,Human Development Index,,mys,Mean Years of Schooling (years),1999,2.761917758,
MMR,Myanmar,HDI,Human Development Index,,mys,Mean Years of Schooling (years),2000,2.833204848,
MMR,Myanmar,HDI,Human Development Index,,mys,Mean Years of Schooling (years),2001,2.915459182,
MMR,Myanmar,HDI,Human Development Index,,mys,Mean Years of Schooling (years),2002,2.997713517,
MMR,Myanmar,HDI,Human Development Index,,mys,Mean Years of Schooling (years),2003,3.079967851,
MMR,Myanmar,HDI,Human Development Index,,mys,Mean Years of Schooling (years),2004,3.162222185,
MMR,Myanmar,HDI,Human Development Index,,mys,Mean Years of Schooling (years),2005,3.24447652,
MMR,Myanmar,HDI,Human Development Index,,mys,Mean Years of Schooling (years),2006,3.343181721,
MMR,Myanmar,HDI,Human Development Index,,mys,Mean Years of Schooling (years),2007,3.441886922,
MMR,Myanmar,HDI,Human Development Index,,mys,Mean Years of Schooling (years),2008,3.540592123,
MMR,Myanmar,HDI,Human Development Index,,mys,Mean Years of Schooling (years),2009,3.639297324,
MMR,Myanmar,HDI,Human Development Index,,mys,Mean Years of Schooling (years),2010,3.738002525,
MMR,Myanmar,HDI,Human Development Index,,mys,Mean Years of Schooling (years),2011,3.937240802,
MMR,Myanmar,HDI,Human Development Index,,mys,Mean Years of Schooling (years),2012,4.136479078,
MMR,Myanmar,HDI,Human Development Index,,mys,Mean Years of Schooling (years),2013,4.335717355,
MMR,Myanmar,HDI,Human Development Index,,mys,Mean Years of Schooling (years),2014,4.534955631,
MMR,Myanmar,HDI,Human Development Index,,mys,Mean Years of Schooling (years),2015,4.734193908,
MMR,Myanmar,HDI,Human Development Index,,mys,Mean Years of Schooling (years),2016,4.849349976,
MMR,Myanmar,HDI,Human Development Index,,mys,Mean Years of Schooling (years),2017,5.359566689,
MMR,Myanmar,HDI,Human Development Index,,mys,Mean Years of Schooling (years),2018,5.869783401,
MMR,Myanmar,HDI,Human Development Index,,mys,Mean Years of Schooling (years),2019,6.380000114,
MMR,Myanmar,HDI,Human Development Index,,mys,Mean Years of Schooling (years),2020,6.380000114,
MMR,Myanmar,HDI,Human Development Index,,mys,Mean Years of Schooling (years),2021,6.380000114,
MMR,Myanmar,HDI,Human Development Index,,mys,Mean Years of Schooling (years),2022,6.380000114,
MMR,Myanmar,HDI,Human Development Index,,mys,Mean Years of Schooling (years),2023,6.380000114,
MYS,Malaysia,HDI,Human Development Index,,hdi,Human Development Index (value),1990,0.653,
MYS,Malaysia,HDI,Human Development Index,,hdi,Human Development Index (value),1991,0.661,
MYS,Malaysia,HDI,Human Development Index,,hdi,Human Development Index (value),1992,0.67,
MYS,Malaysia,HDI,Human Development Index,,hdi,Human Development Index (value),1993,0.677,
MYS,Malaysia,HDI,Human Development Index,,hdi,Human Development Index (value),1994,0.684,
MYS,Malaysia,HDI,Human Development Index,,hdi,Human Development Index (value),1995,0.691,
MYS,Malaysia,HDI,Human Development Index,,hdi,Human Development Index (value),1996,0.701,
MYS,Malaysia,HDI,Human Development Index,,hdi,Human Development Index (value),1997,0.713,
MYS,Malaysia,HDI,Human Development Index,,hdi,Human Development Index (value),1998,0.718,
MYS,Malaysia,HDI,Human Development Index,,hdi,Human Development Index (value),1999,0.723,
MYS,Malaysia,HDI,Human Development Index,,hdi,Human Development Index (value),2000,0.733,
MYS,Malaysia,HDI,Human Development Index,,hdi,Human Development Index (value),2001,0.731,
MYS,Malaysia,HDI,Human Development Index,,hdi,Human Development Index (value),2002,0.732,
MYS,Malaysia,HDI,Human Development Index,,hdi,Human Development Index (value),2003,0.737,
MYS,Malaysia,HDI,Human Development Index,,hdi,Human Development Index (value),2004,0.739,
MYS,Malaysia,HDI,Human Development Index,,hdi,Human Development Index (value),2005,0.736,
MYS,Malaysia,HDI,Human Development Index,,hdi,Human Development Index (value),2006,0.742,
MYS,Malaysia,HDI,Human Development Index,,hdi,Human Development Index (value),2007,0.754,
MYS,Malaysia,HDI,Human Development Index,,hdi,Human Development Index (value),2008,0.765,
MYS,Malaysia,HDI,Human Development Index,,hdi,Human Development Index (value),2009,0.773,
MYS,Malaysia,HDI,Human Development Index,,hdi,Human Development Index (value),2010,0.779,
MYS,Malaysia,HDI,Human Development Index,,hdi,Human Development Index (value),2011,0.782,
MYS,Malaysia,HDI,Human Development Index,,hdi,Human Development Index (value),2012,0.787,
MYS,Malaysia,HDI,Human Development Index,,hdi,Human Development Index (value),2013,0.791,
MYS,Malaysia,HDI,Human Development Index,,hdi,Human Development Index (value),2014,0.795,
MYS,Malaysia,HDI,Human Development Index,,hdi,Human Development Index (value),2015,0.8,
MYS,Malaysia,HDI,Human Development Index,,hdi,Human Development Index (value),2016,0.805,
MYS,Malaysia,HDI,Human Development Index,,hdi,Human Development Index (value),2017,0.807,
MYS,Malaysia,HDI,Human Development Index,,hdi,Human Development Index (value),2018,0.809,
MYS,Malaysia,HDI,Human Development Index,,hdi,Human Development Index (value),2019,0.812,
MYS,Malaysia,HDI,Human Development Index,,hdi,Human Development Index (value),2020,0.81,
MYS,Malaysia,HDI,Human Development Index,,hdi,Human Development Index (value),2021,0.802,
MYS,Malaysia,HDI,Human Development Index,,hdi,Human Development Index (value),2022,0.81,
MYS,Malaysia,HDI,Human Development Index,,hdi,Human Development Index (value),2023,0.819,
MYS,Malaysia,HDI,Human Development Index,,le,Life Expectancy at Birth (years),1990,70.952,
MYS,Malaysia,HDI,Human Development Index,,le,Life Expectancy at Birth (years),1991,71.219,
MYS,Malaysia,HDI,Human Development Index,,le,Life Expectancy at Birth (years),1992,71.483,
MYS,Malaysia,HDI,Human Development Index,,le,Life Expectancy at Birth (years),1993,71.721,
MYS,Malaysia,HDI,Human Development Index,,le,Life Expectancy at Birth (years),1994,71.865,
MYS,Malaysia,HDI,Human Development Index,,le,Life Expectancy at Birth (years),1995,71.979,
MYS,Malaysia,HDI,Human Development Index,,le,Life Expectancy at Birth (years),1996,72.119,
MYS,Malaysia,HDI,Human Development Index,,le,Life Expectancy at Birth (years),1997,72.296,
MYS,Malaysia,HDI,Human Development Index,,le,Life Expectancy at Birth (years),1998,72.385,
MYS,Malaysia,HDI,Human Development Index,,le,Life Expectancy at Birth (years),1999,72.428,
MYS,Malaysia,HDI,Human Development Index,,le,Life Expectancy at Birth (years),2000,72.732,
MYS,Malaysia,HDI,Human Development Index,,le,Life Expectancy at Birth (years),2001,73.08,
MYS,Malaysia,HDI,Human Development Index,,le,Life Expectancy at Birth (years),2002,73.469,
MYS,Malaysia,HDI,Human Development Index,,le,Life Expectancy at Birth (years),2003,73.727,
MYS,Malaysia,HDI,Human Development Index,,le,Life Expectancy at Birth (years),2004,74.027,
MYS,Malaysia,HDI,Human Development Index,,le,Life Expectancy at Birth (years),2005,74.37,
MYS,Malaysia,HDI,Human Development Index,,le,Life Expectancy at Birth (years),2006,74.697,
MYS,Malaysia,HDI,Human Development Index,,le,Life Expectancy at Birth (years),2007,74.961,
MYS,Malaysia,HDI,Human Development Index,,le,Life Expectancy at Birth (years),2008,75.151,
MYS,Malaysia,HDI,Human Development Index,,le,Life Expectancy at Birth (years),2009,75.269,
MYS,Malaysia,HDI,Human Development Index,,le,Life Expectancy at Birth (years),2010,75.376,
MYS,Malaysia,HDI,Human Development Index,,le,Life Expectancy at Birth (years),2011,75.488,
MYS,Malaysia,HDI,Human Development Index,,le,Life Expectancy at Birth (years),2012,75.552,
MYS,Malaysia,HDI,Human Development Index,,le,Life Expectancy at Birth (years),2013,75.464,
MYS,Malaysia,HDI,Human Development Index,,le,Life Expectancy at Birth (years),2014,75.345,
MYS,Malaysia,HDI,Human Development Index,,le,Life Expectancy at Birth (years),2015,75.288,
MYS,Malaysia,HDI,Human Development Index,,le,Life Expectancy at Birth (years),2016,75.371,
MYS,Malaysia,HDI,Human Development Index,,le,Life Expectancy at Birth (years),2017,75.542,
MYS,Malaysia,HDI,Human Development Index,,le,Life Expectancy at Birth (years),2018,75.734,
MYS,Malaysia,HDI,Human Development Index,,le,Life Expectancy at Birth (years),2019,75.9,
MYS,Malaysia,HDI,Human Development Index,,le,Life Expectancy at Birth (years),2020,76.057,
MYS,Malaysia,HDI,Human Development Index,,le,Life Expectancy at Birth (years),2021,73.917,
MYS,Malaysia,HDI,Human Development Index,,le,Life Expectancy at Birth (years),2022,75.444,
MYS,Malaysia,HDI,Human Development Index,,le,Life Expectancy at Birth (years),2023,76.657,
MYS,Malaysia,HDI,Human Development Index,,mys,Mean Years of Schooling (years),1990,6.147382829,
MYS,Malaysia,HDI,Human Development Index,,mys,Mean Years of Schooling (years),1991,6.341312517,
MYS,Malaysia,HDI,Human Development Index,,mys,Mean Years of Schooling (years),1992,6.535242205,
MYS,Malaysia,HDI,Human Development Index,,mys,Mean Years of Schooling (years),1993,6.729171893,
MYS,Malaysia,HDI,Human Development Index,,mys,Mean Years of Schooling (years),1994,6.923101581,
MYS,Malaysia,HDI,Human Development Index,,mys,Mean Years of Schooling (years),1995,7.117031269,
MYS,Malaysia,HDI,Human Development Index,,mys,Mean Years of Schooling (years),1996,7.230000019,
MYS,Malaysia,HDI,Human Development Index,,mys,Mean Years of Schooling (years),1997,7.527500033,
MYS,Malaysia,HDI,Human Development Index,,mys,Mean Years of Schooling (years),1998,7.825000048,
MYS,Malaysia,HDI,Human Development Index,,mys,Mean Years of Schooling (years),1999,8.122500062,
MYS,Malaysia,HDI,Human Development Index,,mys,Mean Years of Schooling (years),2000,8.420000076,
MYS,Malaysia,HDI,Human Development Index,,mys,Mean Years of Schooling (years),2001,8.254000092,
MYS,Malaysia,HDI,Human Development Index,,mys,Mean Years of Schooling (years),2002,8.088000107,
MYS,Malaysia,HDI,Human Development Index,,mys,Mean Years of Schooling (years),2003,7.922000122,
MYS,Malaysia,HDI,Human Development Index,,mys,Mean Years of Schooling (years),2004,7.756000137,
MYS,Malaysia,HDI,Human Development Index,,mys,Mean Years of Schooling (years),2005,7.590000153,
MYS,Malaysia,HDI,Human Development Index,,mys,Mean Years of Schooling (years),2006,8.082500219,
MYS,Malaysia,HDI,Human Development Index,,mys,Mean Years of Schooling (years),2007,8.575000286,
MYS,Malaysia,HDI,Human Development Index,,mys,Mean Years of Schooling (years),2008,9.067500353,
MYS,Malaysia,HDI,Human Development Index,,mys,Mean Years of Schooling (years),2009,9.56000042,
MYS,Malaysia,HDI,Human Development Index,,mys,Mean Years of Schooling (years),2010,9.699999809,
MYS,Malaysia,HDI,Human Development Index,,mys,Mean Years of Schooling (years),2011,9.811666489,
MYS,Malaysia,HDI,Human Development Index,,mys,Mean Years of Schooling (years),2012,9.923333168,
MYS,Malaysia,HDI,Human Development Index,,mys,Mean Years of Schooling (years),2013,10.03499985,
MYS,Malaysia,HDI,Human Development Index,,mys,Mean Years of Schooling (years),2014,10.14666653,
MYS,Malaysia,HDI,Human Development Index,,mys,Mean Years of Schooling (years),2015,10.25833321,
MYS,Malaysia,HDI,Human Development Index,,mys,Mean Years of Schooling (years),2016,10.36999989,
MYS,Malaysia,HDI,Human Development Index,,mys,Mean Years of Schooling (years),2017,10.46333313,
MYS,Malaysia,HDI,Human Development Index,,mys,Mean Years of Schooling (years),2018,10.55666637,
MYS,Malaysia,HDI,Human Development Index,,mys,Mean Years of Schooling (years),2019,10.64999962,
MYS,Malaysia,HDI,Human Development Index,,mys,Mean Years of Schooling (years),2020,10.79666646,
MYS,Malaysia,HDI,Human Development Index,,mys,Mean Years of Schooling (years),2021,10.94333331,
MYS,Malaysia,HDI,Human Development Index,,mys,Mean Years of Schooling (years),2022,11.09000015,
MYS,Malaysia,HDI,Human Development Index,,mys,Mean Years of Schooling (years),2023,11.09000015,
PHL,Philippines,HDI,Human Development Index,,hdi,Human Development Index (value),1990,0.593,
PHL,Philippines,HDI,Human Development Index,,hdi,Human Development Index (value),1991,0.594,
PHL,Philippines,HDI,Human Development Index,,hdi,Human Development Index (value),1992,0.599,
PHL,Philippines,HDI,Human Development Index,,hdi,Human Development Index (value),1993,0.602,
PHL,Philippines,HDI,Human Development Index,,hdi,Human Development Index (value),1994,0.606,
PHL,Philippines,HDI,Human Development Index,,hdi,Human Development Index (value),1995,0.609,
PHL,Philippines,HDI,Human Development Index,,hdi,Human Development Index (value),1996,0.619,
PHL,Philippines,HDI,Human Development Index,,hdi,Human Development Index (value),1997,0.623,
PHL,Philippines,HDI,Human Development Index,,hdi,Human Development Index (value),1998,0.624,
PHL,Philippines,HDI,Human Development Index,,hdi,Human Development Index (value),1999,0.628,
PHL,Philippines,HDI,Human Development Index,,hdi,Human Development Index (value),2000,0.632,
PHL,Philippines,HDI,Human Development Index,,hdi,Human Development Index (value),2001,0.636,
PHL,Philippines,HDI,Human Development Index,,hdi,Human Development Index (value),2002,0.643,
PHL,Philippines,HDI,Human Development Index,,hdi,Human Development Index (value),2003,0.648,
PHL,Philippines,HDI,Human Development Index,,hdi,Human Development Index (value),2004,0.655,
PHL,Philippines,HDI,Human Development Index,,hdi,Human Development Index (value),2005,0.656,
PHL,Philippines,HDI,Human Development Index,,hdi,Human Development Index (value),2006,0.654,
PHL,Philippines,HDI,Human Development Index,,hdi,Human Development Index (value),2007,0.659,
PHL,Philippines,HDI,Human Development Index,,hdi,Human Development Index (value),2008,0.662,
PHL,Philippines,HDI,Human Development Index,,hdi,Human Development Index (value),2009,0.662,
PHL,Philippines,HDI,Human Development Index,,hdi,Human Development Index (value),2010,0.669,
PHL,Philippines,HDI,Human Development Index,,hdi,Human Development Index (value),2011,0.674,
PHL,Philippines,HDI,Human Development Index,,hdi,Human Development Index (value),2012,0.681,
PHL,Philippines,HDI,Human Development Index,,hdi,Human Development Index (value),2013,0.687,
PHL,Philippines,HDI,Human Development Index,,hdi,Human Development Index (value),2014,0.689,
PHL,Philippines,HDI,Human Development Index,,hdi,Human Development Index (value),2015,0.69,
PHL,Philippines,HDI,Human Development Index,,hdi,Human Development Index (value),2016,0.69,
PHL,Philippines,HDI,Human Development Index,,hdi,Human Development Index (value),2017,0.694,
PHL,Philippines,HDI,Human Development Index,,hdi,Human Development Index (value),2018,0.7,
PHL,Philippines,HDI,Human Development Index,,hdi,Human Development Index (value),2019,0.708,
PHL,Philippines,HDI,Human Development Index,,hdi,Human Development Index (value),2020,0.699,
PHL,Philippines,HDI,Human Development Index,,hdi,Human Development Index (value),2021,0.69,
PHL,Philippines,HDI,Human Development Index,,hdi,Human Development Index (value),2022,0.714,
PHL,Philippines,HDI,Human Development Index,,hdi,Human Development Index (value),2023,0.72,
PHL,Philippines,HDI,Human Development Index,,le,Life Expectancy at Birth (years),1990,64.382,
PHL,Philippines,HDI,Human Development Index,,le,Life Expectancy at Birth (years),1991,64.622,
PHL,Philippines,HDI,Human Development Index,,le,Life Expectancy at Birth (years),1992,65.353,
PHL,Philippines,HDI,Human Development Index,,le,Life Expectancy at Birth (years),1993,65.661,
PHL,Philippines,HDI,Human Development Index,,le,Life Expectancy at Birth (years),1994,66,
PHL,Philippines,HDI,Human Development Index,,le,Life Expectancy at Birth (years),1995,66.311,
PHL,Philippines,HDI,Human Development Index,,le,Life Expectancy at Birth (years),1996,66.691,
PHL,Philippines,HDI,Human Development Index,,le,Life Expectancy at Birth (years),1997,66.994,
PHL,Philippines,HDI,Human Development Index,,le,Life Expectancy at Birth (years),1998,67.212,
PHL,Philippines,HDI,Human Development Index,,le,Life Expectancy at Birth (years),1999,67.503,
PHL,Philippines,HDI,Human Development Index,,le,Life Expectancy at Birth (years),2000,67.789,
PHL,Philippines,HDI,Human Development Index,,le,Life Expectancy at Birth (years),2001,67.829,
PHL,Philippines,HDI,Human Development Index,,le,Life Expectancy at Birth (years),2002,67.886,
PHL,Philippines,HDI,Human Development Index,,le,Life Expectancy at Birth (years),2003,68.049,
PHL,Philippines,HDI,Human Development Index,,le,Life Expectancy at Birth (years),2004,68.301,
PHL,Philippines,HDI,Human Development Index,,le,Life Expectancy at Birth (years),2005,68.423,
PHL,Philippines,HDI,Human Development Index,,le,Life Expectancy at Birth (years),2006,68.172,
PHL,Philippines,HDI,Human Development Index,,le,Life Expectancy at Birth (years),2007,68.549,
PHL,Philippines,HDI,Human Development Index,,le,Life Expectancy at Birth (years),2008,68.643,
PHL,Philippines,HDI,Human Development Index,,le,Life Expectancy at Birth (years),2009,68.631,
PHL,Philippines,HDI,Human Development Index,,le,Life Expectancy at Birth (years),2010,68.883,
PHL,Philippines,HDI,Human Development Index,,le,Life Expectancy at Birth (years),2011,69.096,
PHL,Philippines,HDI,Human Development Index,,le,Life Expectancy at Birth (years),2012,69.237,
PHL,Philippines,HDI,Human Development Index,,le,Life Expectancy at Birth (years),2013,69.283,
PHL,Philippines,HDI,Human Development Index,,le,Life Expectancy at Birth (years),2014,69.311,
PHL,Philippines,HDI,Human Development Index,,le,Life Expectancy at Birth (years),2015,69.45,
PHL,Philippines,HDI,Human Development Index,,le,Life Expectancy at Birth (years),2016,69.49,
PHL,Philippines,HDI,Human Development Index,,le,Life Expectancy at Birth (years),2017,69.966,
PHL,Philippines,HDI,Human Development Index,,le,Life Expectancy at Birth (years),2018,69.761,
PHL,Philippines,HDI,Human Development Index,,le,Life Expectancy at Birth (years),2019,69.68,
PHL,Philippines,HDI,Human Development Index,,le,Life Expectancy at Birth (years),2020,70.097,
PHL,Philippines,HDI,Human Development Index,,le,Life Expectancy at Birth (years),2021,66.675,
PHL,Philippines,HDI,Human Development Index,,le,Life Expectancy at Birth (years),2022,69.472,
PHL,Philippines,HDI,Human Development Index,,le,Life Expectancy at Birth (years),2023,69.833,
PHL,Philippines,HDI,Human Development Index,,mys,Mean Years of Schooling (years),1990,7.179999828,
PHL,Philippines,HDI,Human Development Index,,mys,Mean Years of Schooling (years),1991,7.218999863,
PHL,Philippines,HDI,Human Development Index,,mys,Mean Years of Schooling (years),1992,7.257999897,
PHL,Philippines,HDI,Human Development Index,,mys,Mean Years of Schooling (years),1993,7.296999931,
PHL,Philippines,HDI,Human Development Index,,mys,Mean Years of Schooling (years),1994,7.335999966,
PHL,Philippines,HDI,Human Development Index,,mys,Mean Years of Schooling (years),1995,7.375,
PHL,Philippines,HDI,Human Development Index,,mys,Mean Years of Schooling (years),1996,7.414000034,
PHL,Philippines,HDI,Human Development Index,,mys,Mean Years of Schooling (years),1997,7.453000069,
PHL,Philippines,HDI,Human Development Index,,mys,Mean Years of Schooling (years),1998,7.492000103,
PHL,Philippines,HDI,Human Development Index,,mys,Mean Years of Schooling (years),1999,7.531000137,
PHL,Philippines,HDI,Human Development Index,,mys,Mean Years of Schooling (years),2000,7.570000172,
PHL,Philippines,HDI,Human Development Index,,mys,Mean Years of Schooling (years),2001,7.837500215,
PHL,Philippines,HDI,Human Development Index,,mys,Mean Years of Schooling (years),2002,8.105000257,
PHL,Philippines,HDI,Human Development Index,,mys,Mean Years of Schooling (years),2003,8.3725003,
PHL,Philippines,HDI,Human Development Index,,mys,Mean Years of Schooling (years),2004,8.640000343,
PHL,Philippines,HDI,Human Development Index,,mys,Mean Years of Schooling (years),2005,8.657500267,
PHL,Philippines,HDI,Human Development Index,,mys,Mean Years of Schooling (years),2006,8.675000191,
PHL,Philippines,HDI,Human Development Index,,mys,Mean Years of Schooling (years),2007,8.692500114,
PHL,Philippines,HDI,Human Development Index,,mys,Mean Years of Schooling (years),2008,8.710000038,
PHL,Philippines,HDI,Human Development Index,,mys,Mean Years of Schooling (years),2009,8.809999943,
PHL,Philippines,HDI,Human Development Index,,mys,Mean Years of Schooling (years),2010,8.909999847,
PHL,Philippines,HDI,Human Development Index,,mys,Mean Years of Schooling (years),2011,8.989999771,
PHL,Philippines,HDI,Human Development Index,,mys,Mean Years of Schooling (years),2012,9.069999695,
PHL,Philippines,HDI,Human Development Index,,mys,Mean Years of Schooling (years),2013,9.149999619,
PHL,Philippines,HDI,Human Development Index,,mys,Mean Years of Schooling (years),2014,8.90749979,
PHL,Philippines,HDI,Human Development Index,,mys,Mean Years of Schooling (years),2015,8.664999962,
PHL,Philippines,HDI,Human Development Index,,mys,Mean Years of Schooling (years),2016,8.422500134,
PHL,Philippines,HDI,Human Development Index,,mys,Mean Years of Schooling (years),2017,8.180000305,
PHL,Philippines,HDI,Human Development Index,,mys,Mean Years of Schooling (years),2018,8.575000286,
PHL,Philippines,HDI,Human Development Index,,mys,Mean Years of Schooling (years),2019,8.970000267,
PHL,Philippines,HDI,Human Development Index,,mys,Mean Years of Schooling (years),2020,8.890000343,
PHL,Philippines,HDI,Human Development Index,,mys,Mean Years of Schooling (years),2021,9.433619976,
PHL,Philippines,HDI,Human Development Index,,mys,Mean Years of Schooling (years),2022,9.977239609,
PHL,Philippines,HDI,Human Development Index,,mys,Mean Years of Schooling (years),2023,9.977239609,
SGP,Singapore,HDI,Human Development Index,,hdi,Human Development Index (value),1990,0.819,
SGP,Singapore,HDI,Human Development Index,,hdi,Human Development Index (value),1991,0.826,
SGP,Singapore,HDI,Human Development Index,,hdi,Human Development Index (value),1992,0.833,
SGP,Singapore,HDI,Human Development Index,,hdi,Human Development Index (value),1993,0.84,
SGP,Singapore,HDI,Human Development Index,,hdi,Human Development Index (value),1994,0.848,
SGP,Singapore,HDI,Human Development Index,,hdi,Human Development Index (value),1995,0.854,
SGP,Singapore,HDI,Human Development Index,,hdi,Human Development Index (value),1996,0.859,
SGP,Singapore,HDI,Human Development Index,,hdi,Human Development Index (value),1997,0.866,
SGP,Singapore,HDI,Human Development Index,,hdi,Human Development Index (value),1998,0.869,
SGP,Singapore,HDI,Human Development Index,,hdi,Human Development Index (value),1999,0.875,
SGP,Singapore,HDI,Human Development Index,,hdi,Human Development Index (value),2000,0.882,
SGP,Singapore,HDI,Human Development Index,,hdi,Human Development Index (value),2001,0.885,
SGP,Singapore,HDI,Human Development Index,,hdi,Human Development Index (value),2002,0.891,
SGP,Singapore,HDI,Human Development Index,,hdi,Human Development Index (value),2003,0.897,
SGP,Singapore,HDI,Human Development Index,,hdi,Human Development Index (value),2004,0.905,
SGP,Singapore,HDI,Human Development Index,,hdi,Human Development Index (value),2005,0.911,
SGP,Singapore,HDI,Human Development Index,,hdi,Human Development Index (value),2006,0.911,
SGP,Singapore,HDI,Human Development Index,,hdi,Human Development Index (value),2007,0.914,
SGP,Singapore,HDI,Human Development Index,,hdi,Human Development Index (value),2008,0.924,
SGP,Singapore,HDI,Human Development Index,,hdi,Human Development Index (value),2009,0.928,
SGP,Singapore,HDI,Human Development Index,,hdi,Human Development Index (value),2010,0.932,
SGP,Singapore,HDI,Human Development Index,,hdi,Human Development Index (value),2011,0.933,
SGP,Singapore,HDI,Human Development Index,,hdi,Human Development Index (value),2012,0.933,
SGP,Singapore,HDI,Human Development Index,,hdi,Human Development Index (value),2013,0.934,
SGP,Singapore,HDI,Human Development Index,,hdi,Human Development Index (value),2014,0.934,
SGP,Singapore,HDI,Human Development Index,,hdi,Human Development Index (value),2015,0.935,
SGP,Singapore,HDI,Human Development Index,,hdi,Human Development Index (value),2016,0.934,
SGP,Singapore,HDI,Human Development Index,,hdi,Human Development Index (value),2017,0.935,
SGP,Singapore,HDI,Human Development Index,,hdi,Human Development Index (value),2018,0.939,
SGP,Singapore,HDI,Human Development Index,,hdi,Human Development Index (value),2019,0.942,
SGP,Singapore,HDI,Human Development Index,,hdi,Human Development Index (value),2020,0.944,
SGP,Singapore,HDI,Human Development Index,,hdi,Human Development Index (value),2021,0.948,
SGP,Singapore,HDI,Human Development Index,,hdi,Human Development Index (value),2022,0.942,
SGP,Singapore,HDI,Human Development Index,,hdi,Human Development Index (value),2023,0.946,
SGP,Singapore,HDI,Human Development Index,,le,Life Expectancy at Birth (years),1990,74.598,
SGP,Singapore,HDI,Human Development Index,,le,Life Expectancy at Birth (years),1991,75.058,
SGP,Singapore,HDI,Human Development Index,,le,Life Expectancy at Birth (years),1992,75.326,
SGP,Singapore,HDI,Human Development Index,,le,Life Expectancy at Birth (years),1993,75.533,
SGP,Singapore,HDI,Human Development Index,,le,Life Expectancy at Birth (years),1994,75.627,
SGP,Singapore,HDI,Human Development Index,,le,Life Expectancy at Birth (years),1995,75.725,
SGP,Singapore,HDI,Human Development Index,,le,Life Expectancy at Birth (years),1996,76.05,
SGP,Singapore,HDI,Human Development Index,,le,Life Expectancy at Birth (years),1997,76.389,
SGP,Singapore,HDI,Human Development Index,,le,Life Expectancy at Birth (years),1998,76.851,
SGP,Singapore,HDI,Human Development Index,,le,Life Expectancy at Birth (years),1999,77.271,
SGP,Singapore,HDI,Human Development Index,,le,Life Expectancy at Birth (years),2000,77.752,
SGP,Singapore,HDI,Human Development Index,,le,Life Expectancy at Birth (years),2001,78.267,
SGP,Singapore,HDI,Human Development Index,,le,Life Expectancy at Birth (years),2002,78.736,
SGP,Singapore,HDI,Human Development Index,,le,Life Expectancy at Birth (years),2003,79.178,
SGP,Singapore,HDI,Human Development Index,,le,Life Expectancy at Birth (years),2004,79.658,
SGP,Singapore,HDI,Human Development Index,,le,Life Expectancy at Birth (years),2005,80.271,
SGP,Singapore,HDI,Human Development Index,,le,Life Expectancy at Birth (years),2006,80.64,
SGP,Singapore,HDI,Human Development Index,,le,Life Expectancy at Birth (years),2007,80.885,
SGP,Singapore,HDI,Human Development Index,,le,Life Expectancy at Birth (years),2008,81.099,
SGP,Singapore,HDI,Human Development Index,,le,Life Expectancy at Birth (years),2009,81.428,
SGP,Singapore,HDI,Human Development Index,,le,Life Expectancy at Birth (years),2010,81.647,
SGP,Singapore,HDI,Human Development Index,,le,Life Expectancy at Birth (years),2011,81.942,
SGP,Singapore,HDI,Human Development Index,,le,Life Expectancy at Birth (years),2012,82.209,
SGP,Singapore,HDI,Human Development Index,,le,Life Expectancy at Birth (years),2013,82.468,
SGP,Singapore,HDI,Human Development Index,,le,Life Expectancy at Birth (years),2014,82.615,
SGP,Singapore,HDI,Human Development Index,,le,Life Expectancy at Birth (years),2015,82.748,
SGP,Singapore,HDI,Human Development Index,,le,Life Expectancy at Birth (years),2016,82.897,
SGP,Singapore,HDI,Human Development Index,,le,Life Expectancy at Birth (years),2017,83.095,
SGP,Singapore,HDI,Human Development Index,,le,Life Expectancy at Birth (years),2018,83.378,
SGP,Singapore,HDI,Human Development Index,,le,Life Expectancy at Birth (years),2019,83.662,
SGP,Singapore,HDI,Human Development Index,,le,Life Expectancy at Birth (years),2020,83.661,
SGP,Singapore,HDI,Human Development Index,,le,Life Expectancy at Birth (years),2021,83.485,
SGP,Singapore,HDI,Human Development Index,,le,Life Expectancy at Birth (years),2022,82.921,
SGP,Singapore,HDI,Human Development Index,,le,Life Expectancy at Birth (years),2023,83.736,
SGP,Singapore,HDI,Human Development Index,,mys,Mean Years of Schooling (years),1990,7.539999962,
SGP,Singapore,HDI,Human Development Index,,mys,Mean Years of Schooling (years),1991,7.768000031,
SGP,Singapore,HDI,Human Development Index,,mys,Mean Years of Schooling (years),1992,7.996000099,
SGP,Singapore,HDI,Human Development Index,,mys,Mean Years of Schooling (years),1993,8.224000168,
SGP,Singapore,HDI,Human Development Index,,mys,Mean Years of Schooling (years),1994,8.452000237,
SGP,Singapore,HDI,Human Development Index,,mys,Mean Years of Schooling (years),1995,8.680000305,
SGP,Singapore,HDI,Human Development Index,,mys,Mean Years of Schooling (years),1996,8.83900032,
SGP,Singapore,HDI,Human Development Index,,mys,Mean Years of Schooling (years),1997,8.998000336,
SGP,Singapore,HDI,Human Development Index,,mys,Mean Years of Schooling (years),1998,9.157000351,
SGP,Singapore,HDI,Human Development Index,,mys,Mean Years of Schooling (years),1999,9.316000366,
SGP,Singapore,HDI,Human Development Index,,mys,Mean Years of Schooling (years),2000,9.475000381,
SGP,Singapore,HDI,Human Development Index,,mys,Mean Years of Schooling (years),2001,9.634000397,
SGP,Singapore,HDI,Human Development Index,,mys,Mean Years of Schooling (years),2002,9.793000412,
SGP,Singapore,HDI,Human Development Index,,mys,Mean Years of Schooling (years),2003,9.952000427,
SGP,Singapore,HDI,Human Development Index,,mys,Mean Years of Schooling (years),2004,10.11100044,
SGP,Singapore,HDI,Human Development Index,,mys,Mean Years of Schooling (years),2005,10.27000046,
SGP,Singapore,HDI,Human Development Index,,mys,Mean Years of Schooling (years),2006,10.10999966,
SGP,Singapore,HDI,Human Development Index,,mys,Mean Years of Schooling (years),2007,10.21000004,
SGP,Singapore,HDI,Human Development Index,,mys,Mean Years of Schooling (years),2008,10.48999977,
SGP,Singapore,HDI,Human Development Index,,mys,Mean Years of Schooling (years),2009,10.5,
SGP,Singapore,HDI,Human Development Index,,mys,Mean Years of Schooling (years),2010,10.93999958,
SGP,Singapore,HDI,Human Development Index,,mys,Mean Years of Schooling (years),2011,11,
SGP,Singapore,HDI,Human Development Index,,mys,Mean Years of Schooling (years),2012,11.02000046,
SGP,Singapore,HDI,Human Development Index,,mys,Mean Years of Schooling (years),2013,11.14999962,
SGP,Singapore,HDI,Human Development Index,,mys,Mean Years of Schooling (years),2014,11.22000027,
SGP,Singapore,HDI,Human Development Index,,mys,Mean Years of Schooling (years),2015,11.36999989,
SGP,Singapore,HDI,Human Development Index,,mys,Mean Years of Schooling (years),2016,11.38000011,
SGP,Singapore,HDI,Human Development Index,,mys,Mean Years of Schooling (years),2017,11.34000015,
SGP,Singapore,HDI,Human Development Index,,mys,Mean Years of Schooling (years),2018,11.56000042,
SGP,Singapore,HDI,Human Development Index,,mys,Mean Years of Schooling (years),2019,11.68000031,
SGP,Singapore,HDI,Human Development Index,,mys,Mean Years of Schooling (years),2020,11.76000023,
SGP,Singapore,HDI,Human Development Index,,mys,Mean Years of Schooling (years),2021,12.07999992,
SGP,Singapore,HDI,Human Development Index,,mys,Mean Years of Schooling (years),2022,11.98999977,
SGP,Singapore,HDI,Human Development Index,,mys,Mean Years of Schooling (years),2023,11.98999977,
THA,Thailand,HDI,Human Development Index,,hdi,Human Development Index (value),1990,0.584,
THA,Thailand,HDI,Human Development Index,,hdi,Human Development Index (value),1991,0.593,
THA,Thailand,HDI,Human Development Index,,hdi,Human Development Index (value),1992,0.603,
THA,Thailand,HDI,Human Development Index,,hdi,Human Development Index (value),1993,0.612,
THA,Thailand,HDI,Human Development Index,,hdi,Human Development Index (value),1994,0.62,
THA,Thailand,HDI,Human Development Index,,hdi,Human Development Index (value),1995,0.628,
THA,Thailand,HDI,Human Development Index,,hdi,Human Development Index (value),1996,0.634,
THA,Thailand,HDI,Human Development Index,,hdi,Human Development Index (value),1997,0.639,
THA,Thailand,HDI,Human Development Index,,hdi,Human Development Index (value),1998,0.642,
THA,Thailand,HDI,Human Development Index,,hdi,Human Development Index (value),1999,0.65,
THA,Thailand,HDI,Human Development Index,,hdi,Human Development Index (value),2000,0.657,
THA,Thailand,HDI,Human Development Index,,hdi,Human Development Index (value),2001,0.667,
THA,Thailand,HDI,Human Development Index,,hdi,Human Development Index (value),2002,0.678,
THA,Thailand,HDI,Human Development Index,,hdi,Human Development Index (value),2003,0.69,
THA,Thailand,HDI,Human Development Index,,hdi,Human Development Index (value),2004,0.699,
THA,Thailand,HDI,Human Development Index,,hdi,Human Development Index (value),2005,0.707,
THA,Thailand,HDI,Human Development Index,,hdi,Human Development Index (value),2006,0.71,
THA,Thailand,HDI,Human Development Index,,hdi,Human Development Index (value),2007,0.721,
THA,Thailand,HDI,Human Development Index,,hdi,Human Development Index (value),2008,0.723,
THA,Thailand,HDI,Human Development Index,,hdi,Human Development Index (value),2009,0.725,
THA,Thailand,HDI,Human Development Index,,hdi,Human Development Index (value),2010,0.742,
THA,Thailand,HDI,Human Development Index,,hdi,Human Development Index (value),2011,0.747,
THA,Thailand,HDI,Human Development Index,,hdi,Human Development Index (value),2012,0.75,
THA,Thailand,HDI,Human Development Index,,hdi,Human Development Index (value),2013,0.752,
THA,Thailand,HDI,Human Development Index,,hdi,Human Development Index (value),2014,0.784,
THA,Thailand,HDI,Human Development Index,,hdi,Human Development Index (value),2015,0.788,
THA,Thailand,HDI,Human Development Index,,hdi,Human Development Index (value),2016,0.792,
THA,Thailand,HDI,Human Development Index,,hdi,Human Development Index (value),2017,0.794,
THA,Thailand,HDI,Human Development Index,,hdi,Human Development Index (value),2018,0.796,
THA,Thailand,HDI,Human Development Index,,hdi,Human Development Index (value),2019,0.8,
THA,Thailand,HDI,Human Development Index,,hdi,Human Development Index (value),2020,0.798,
THA,Thailand,HDI,Human Development Index,,hdi,Human Development Index (value),2021,0.8,
THA,Thailand,HDI,Human Development Index,,hdi,Human Development Index (value),2022,0.792,
THA,Thailand,HDI,Human Development Index,,hdi,Human Development Index (value),2023,0.798,
THA,Thailand,HDI,Human Development Index,,le,Life Expectancy at Birth (years),1990,68.924,
THA,Thailand,HDI,Human Development Index,,le,Life Expectancy at Birth (years),1991,69.132,
THA,Thailand,HDI,Human Development Index,,le,Life Expectancy at Birth (years),1992,69.353,
THA,Thailand,HDI,Human Development Index,,le,Life Expectancy at Birth (years),1993,69.568,
THA,Thailand,HDI,Human Development Index,,le,Life Expectancy at Birth (years),1994,69.661,
THA,Thailand,HDI,Human Development Index,,le,Life Expectancy at Birth (years),1995,69.757,
THA,Thailand,HDI,Human Development Index,,le,Life Expectancy at Birth (years),1996,69.94,
THA,Thailand,HDI,Human Development Index,,le,Life Expectancy at Birth (years),1997,70.362,
THA,Thailand,HDI,Human Development Index,,le,Life Expectancy at Birth (years),1998,70.703,
THA,Thailand,HDI,Human Development Index,,le,Life Expectancy at Birth (years),1999,70.979,
THA,Thailand,HDI,Human Development Index,,le,Life Expectancy at Birth (years),2000,71.205,
THA,Thailand,HDI,Human Development Index,,le,Life Expectancy at Birth (years),2001,71.52,
THA,Thailand,HDI,Human Development Index,,le,Life Expectancy at Birth (years),2002,71.775,
THA,Thailand,HDI,Human Development Index,,le,Life Expectancy at Birth (years),2003,72.101,
THA,Thailand,HDI,Human Development Index,,le,Life Expectancy at Birth (years),2004,72.1,
THA,Thailand,HDI,Human Development Index,,le,Life Expectancy at Birth (years),2005,72.894,
THA,Thailand,HDI,Human Development Index,,le,Life Expectancy at Birth (years),2006,73.341,
THA,Thailand,HDI,Human Development Index,,le,Life Expectancy at Birth (years),2007,73.779,
THA,Thailand,HDI,Human Development Index,,le,Life Expectancy at Birth (years),2008,74.221,
THA,Thailand,HDI,Human Development Index,,le,Life Expectancy at Birth (years),2009,74.669,
THA,Thailand,HDI,Human Development Index,,le,Life Expectancy at Birth (years),2010,75.012,
THA,Thailand,HDI,Human Development Index,,le,Life Expectancy at Birth (years),2011,75.302,
THA,Thailand,HDI,Human Development Index,,le,Life Expectancy at Birth (years),2012,75.59,
THA,Thailand,HDI,Human Development Index,,le,Life Expectancy at Birth (years),2013,75.96,
THA,Thailand,HDI,Human Development Index,,le,Life Expectancy at Birth (years),2014,76.279,
THA,Thailand,HDI,Human Development Index,,le,Life Expectancy at Birth (years),2015,76.563,
THA,Thailand,HDI,Human Development Index,,le,Life Expectancy at Birth (years),2016,76.769,
THA,Thailand,HDI,Human Development Index,,le,Life Expectancy at Birth (years),2017,76.989,
THA,Thailand,HDI,Human Development Index,,le,Life Expectancy at Birth (years),2018,77.19,
THA,Thailand,HDI,Human Development Index,,le,Life Expectancy at Birth (years),2019,77.197,
THA,Thailand,HDI,Human Development Index,,le,Life Expectancy at Birth (years),2020,77.331,
THA,Thailand,HDI,Human Development Index,,le,Life Expectancy at Birth (years),2021,77.606,
THA,Thailand,HDI,Human Development Index,,le,Life Expectancy at Birth (years),2022,75.291,
THA,Thailand,HDI,Human Development Index,,le,Life Expectancy at Birth (years),2023,76.412,
THA,Thailand,HDI,Human Development Index,,mys,Mean Years of Schooling (years),1990,4.5103041,
THA,Thailand,HDI,Human Development Index,,mys,Mean Years of Schooling (years),1991,4.628066609,
THA,Thailand,HDI,Human Development Index,,mys,Mean Years of Schooling (years),1992,4.745829119,
THA,Thailand,HDI,Human Development Index,,mys,Mean Years of Schooling (years),1993,4.863591628,
THA,Thailand,HDI,Human Development Index,,mys,Mean Years of Schooling (years),1994,4.981354137,
THA,Thailand,HDI,Human Development Index,,mys,Mean Years of Schooling (years),1995,5.099116646,
THA,Thailand,HDI,Human Development Index,,mys,Mean Years of Schooling (years),1996,5.212168655,
THA,Thailand,HDI,Human Development Index,,mys,Mean Years of Schooling (years),1997,5.325220664,
THA,Thailand,HDI,Human Development Index,,mys,Mean Years of Schooling (years),1998,5.438272672,
THA,Thailand,HDI,Human Development Index,,mys,Mean Years of Schooling (years),1999,5.551324681,
THA,Thailand,HDI,Human Development Index,,mys,Mean Years of Schooling (years),2000,5.66437669,
THA,Thailand,HDI,Human Development Index,,mys,Mean Years of Schooling (years),2001,6.04828247,
THA,Thailand,HDI,Human Development Index,,mys,Mean Years of Schooling (years),2002,6.43218825,
THA,Thailand,HDI,Human Development Index,,mys,Mean Years of Schooling (years),2003,6.816094029,
THA,Thailand,HDI,Human Development Index,,mys,Mean Years of Schooling (years),2004,7.199999809,
THA,Thailand,HDI,Human Development Index,,mys,Mean Years of Schooling (years),2005,7.0849998,
THA,Thailand,HDI,Human Development Index,,mys,Mean Years of Schooling (years),2006,6.96999979,
THA,Thailand,HDI,Human Development Index,,mys,Mean Years of Schooling (years),2007,7.129999876,
THA,Thailand,HDI,Human Development Index,,mys,Mean Years of Schooling (years),2008,7.289999962,
THA,Thailand,HDI,Human Development Index,,mys,Mean Years of Schooling (years),2009,7.450000048,
THA,Thailand,HDI,Human Development Index,,mys,Mean Years of Schooling (years),2010,7.610000134,
THA,Thailand,HDI,Human Development Index,,mys,Mean Years of Schooling (years),2011,7.710000038,
THA,Thailand,HDI,Human Development Index,,mys,Mean Years of Schooling (years),2012,7.809999943,
THA,Thailand,HDI,Human Development Index,,mys,Mean Years of Schooling (years),2013,7.909999847,
THA,Thailand,HDI,Human Development Index,,mys,Mean Years of Schooling (years),2014,8.046666463,
THA,Thailand,HDI,Human Development Index,,mys,Mean Years of Schooling (years),2015,8.183333079,
THA,Thailand,HDI,Human Development Index,,mys,Mean Years of Schooling (years),2016,8.319999695,
THA,Thailand,HDI,Human Development Index,,mys,Mean Years of Schooling (years),2017,8.34499979,
THA,Thailand,HDI,Human Development Index,,mys,Mean Years of Schooling (years),2018,8.369999886,
THA,Thailand,HDI,Human Development Index,,mys,Mean Years of Schooling (years),2019,8.699999809,
THA,Thailand,HDI,Human Development Index,,mys,Mean Years of Schooling (years),2020,8.813333193,
THA,Thailand,HDI,Human Development Index,,mys,Mean Years of Schooling (years),2021,8.926666578,
THA,Thailand,HDI,Human Development Index,,mys,Mean Years of Schooling (years),2022,9.039999962,
THA,Thailand,HDI,Human Development Index,,mys,Mean Years of Schooling (years),2023,9.039999962,
VNM,Viet Nam,HDI,Human Development Index,,hdi,Human Development Index (value),1990,0.499,
VNM,Viet Nam,HDI,Human Development Index,,hdi,Human Development Index (value),1991,0.509,
VNM,Viet Nam,HDI,Human Development Index,,hdi,Human Development Index (value),1992,0.521,
VNM,Viet Nam,HDI,Human Development Index,,hdi,Human Development Index (value),1993,0.531,
VNM,Viet Nam,HDI,Human Development Index,,hdi,Human Development Index (value),1994,0.543,
VNM,Viet Nam,HDI,Human Development Index,,hdi,Human Development Index (value),1995,0.556,
VNM,Viet Nam,HDI,Human Development Index,,hdi,Human Development Index (value),1996,0.567,
VNM,Viet Nam,HDI,Human Development Index,,hdi,Human Development Index (value),1997,0.578,
VNM,Viet Nam,HDI,Human Development Index,,hdi,Human Development Index (value),1998,0.588,
VNM,Viet Nam,HDI,Human Development Index,,hdi,Human Development Index (value),1999,0.596,
VNM,Viet Nam,HDI,Human Development Index,,hdi,Human Development Index (value),2000,0.604,
VNM,Viet Nam,HDI,Human Development Index,,hdi,Human Development Index (value),2001,0.612,
VNM,Viet Nam,HDI,Human Development Index,,hdi,Human Development Index (value),2002,0.621,
VNM,Viet Nam,HDI,Human Development Index,,hdi,Human Development Index (value),2003,0.63,
VNM,Viet Nam,HDI,Human Development Index,,hdi,Human Development Index (value),2004,0.638,
VNM,Viet Nam,HDI,Human Development Index,,hdi,Human Development Index (value),2005,0.647,
VNM,Viet Nam,HDI,Human Development Index,,hdi,Human Development Index (value),2006,0.656,
VNM,Viet Nam,HDI,Human Development Index,,hdi,Human Development Index (value),2007,0.664,
VNM,Viet Nam,HDI,Human Development Index,,hdi,Human Development Index (value),2008,0.672,
VNM,Viet Nam,HDI,Human Development Index,,hdi,Human Development Index (value),2009,0.679,
VNM,Viet Nam,HDI,Human Development Index,,hdi,Human Development Index (value),2010,0.686,
VNM,Viet Nam,HDI,Human Development Index,,hdi,Human Development Index (value),2011,0.693,
VNM,Viet Nam,HDI,Human Development Index,,hdi,Human Development Index (value),2012,0.698,
VNM,Viet Nam,HDI,Human Development Index,,hdi,Human Development Index (value),2013,0.704,
VNM,Viet Nam,HDI,Human Development Index,,hdi,Human Development Index (value),2014,0.711,
VNM,Viet Nam,HDI,Human Development Index,,hdi,Human Development Index (value),2015,0.717,
VNM,Viet Nam,HDI,Human Development Index,,hdi,Human Development Index (value),2016,0.723,
VNM,Viet Nam,HDI,Human Development Index,,hdi,Human Development Index (value),2017,0.729,
VNM,Viet Nam,HDI,Human Development Index,,hdi,Human Development Index (value),2018,0.737,
VNM,Viet Nam,HDI,Human Development Index,,hdi,Human Development Index (value),2019,0.744,
VNM,Viet Nam,HDI,Human Development Index,,hdi,Human Development Index (value),2020,0.755,
VNM,Viet Nam,HDI,Human Development Index,,hdi,Human Development Index (value),2021,0.754,
VNM,Viet Nam,HDI,Human Development Index,,hdi,Human Development Index (value),2022,0.764,
VNM,Viet Nam,HDI,Human Development Index,,hdi,Human Development Index (value),2023,0.766,
VNM,Viet Nam,HDI,Human Development Index,,le,Life Expectancy at Birth (years),1990,69.027,
VNM,Viet Nam,HDI,Human Development Index,,le,Life Expectancy at Birth (years),1991,69.303,
VNM,Viet Nam,HDI,Human Development Index,,le,Life Expectancy at Birth (years),1992,69.62,
VNM,Viet Nam,HDI,Human Development Index,,le,Life Expectancy at Birth (years),1993,69.957,
VNM,Viet Nam,HDI,Human Development Index,,le,Life Expectancy at Birth (years),1994,70.379,
VNM,Viet Nam,HDI,Human Development Index,,le,Life Expectancy at Birth (years),1995,70.871,
VNM,Viet Nam,HDI,Human Development Index,,le,Life Expectancy at Birth (years),1996,71.296,
VNM,Viet Nam,HDI,Human Development Index,,le,Life Expectancy at Birth (years),1997,71.67,
VNM,Viet Nam,HDI,Human Development Index,,le,Life Expectancy at Birth (years),1998,72.283,
VNM,Viet Nam,HDI,Human Development Index,,le,Life Expectancy at Birth (years),1999,72.575,
VNM,Viet Nam,HDI,Human Development Index,,le,Life Expectancy at Birth (years),2000,72.746,
VNM,Viet Nam,HDI,Human Development Index,,le,Life Expectancy at Birth (years),2001,72.984,
VNM,Viet Nam,HDI,Human Development Index,,le,Life Expectancy at Birth (years),2002,73.138,
VNM,Viet Nam,HDI,Human Development Index,,le,Life Expectancy at Birth (years),2003,73.236,
VNM,Viet Nam,HDI,Human Development Index,,le,Life Expectancy at Birth (years),2004,73.062,
VNM,Viet Nam,HDI,Human Development Index,,le,Life Expectancy at Birth (years),2005,73.198,
VNM,Viet Nam,HDI,Human Development Index,,le,Life Expectancy at Birth (years),2006,73.293,
VNM,Viet Nam,HDI,Human Development Index,,le,Life Expectancy at Birth (years),2007,73.385,
VNM,Viet Nam,HDI,Human Development Index,,le,Life Expectancy at Birth (years),2008,73.455,
VNM,Viet Nam,HDI,Human Development Index,,le,Life Expectancy at Birth (years),2009,73.525,
VNM,Viet Nam,HDI,Human Development Index,,le,Life Expectancy at Birth (years),2010,73.611,
VNM,Viet Nam,HDI,Human Development Index,,le,Life Expectancy at Birth (years),2011,73.713,
VNM,Viet Nam,HDI,Human Development Index,,le,Life Expectancy at Birth (years),2012,73.762,
VNM,Viet Nam,HDI,Human Development Index,,le,Life Expectancy at Birth (years),2013,73.821,
VNM,Viet Nam,HDI,Human Development Index,,le,Life Expectancy at Birth (years),2014,73.886,
VNM,Viet Nam,HDI,Human Development Index,,le,Life Expectancy at Birth (years),2015,73.955,
VNM,Viet Nam,HDI,Human Development Index,,le,Life Expectancy at Birth (years),2016,73.984,
VNM,Viet Nam,HDI,Human Development Index,,le,Life Expectancy at Birth (years),2017,74.026,
VNM,Viet Nam,HDI,Human Development Index,,le,Life Expectancy at Birth (years),2018,74.1,
VNM,Viet Nam,HDI,Human Development Index,,le,Life Expectancy at Birth (years),2019,74.211,
VNM,Viet Nam,HDI,Human Development Index,,le,Life Expectancy at Birth (years),2020,75.383,
VNM,Viet Nam,HDI,Human Development Index,,le,Life Expectancy at Birth (years),2021,74.145,
VNM,Viet Nam,HDI,Human Development Index,,le,Life Expectancy at Birth (years),2022,74.502,
VNM,Viet Nam,HDI,Human Development Index,,le,Life Expectancy at Birth (years),2023,74.588,
VNM,Viet Nam,HDI,Human Development Index,,mys,Mean Years of Schooling (years),1990,4.098730664,
VNM,Viet Nam,HDI,Human Development Index,,mys,Mean Years of Schooling (years),1991,4.236048544,
VNM,Viet Nam,HDI,Human Development Index,,mys,Mean Years of Schooling (years),1992,4.373366424,
VNM,Viet Nam,HDI,Human Development Index,,mys,Mean Years of Schooling (years),1993,4.510684304,
VNM,Viet Nam,HDI,Human Development Index,,mys,Mean Years of Schooling (years),1994,4.648002184,
VNM,Viet Nam,HDI,Human Development Index,,mys,Mean Years of Schooling (years),1995,4.785320064,
VNM,Viet Nam,HDI,Human Development Index,,mys,Mean Years of Schooling (years),1996,4.955927127,
VNM,Viet Nam,HDI,Human Development Index,,mys,Mean Years of Schooling (years),1997,5.12653419,
VNM,Viet Nam,HDI,Human Development Index,,mys,Mean Years of Schooling (years),1998,5.297141254,
VNM,Viet Nam,HDI,Human Development Index,,mys,Mean Years of Schooling (years),1999,5.467748317,
VNM,Viet Nam,HDI,Human Development Index,,mys,Mean Years of Schooling (years),2000,5.63835538,
VNM,Viet Nam,HDI,Human Development Index,,mys,Mean Years of Schooling (years),2001,5.850573922,
VNM,Viet Nam,HDI,Human Development Index,,mys,Mean Years of Schooling (years),2002,6.062792464,
VNM,Viet Nam,HDI,Human Development Index,,mys,Mean Years of Schooling (years),2003,6.275011006,
VNM,Viet Nam,HDI,Human Development Index,,mys,Mean Years of Schooling (years),2004,6.487229548,
VNM,Viet Nam,HDI,Human Development Index,,mys,Mean Years of Schooling (years),2005,6.69944809,
VNM,Viet Nam,HDI,Human Development Index,,mys,Mean Years of Schooling (years),2006,6.909586058,
VNM,Viet Nam,HDI,Human Development Index,,mys,Mean Years of Schooling (years),2007,7.119724026,
VNM,Viet Nam,HDI,Human Development Index,,mys,Mean Years of Schooling (years),2008,7.329861994,
VNM,Viet Nam,HDI,Human Development Index,,mys,Mean Years of Schooling (years),2009,7.539999962,
VNM,Viet Nam,HDI,Human Development Index,,mys,Mean Years of Schooling (years),2010,7.629999924,
VNM,Viet Nam,HDI,Human Development Index,,mys,Mean Years of Schooling (years),2011,7.719999886,
VNM,Viet Nam,HDI,Human Development Index,,mys,Mean Years of Schooling (years),2012,7.809999847,
VNM,Viet Nam,HDI,Human Development Index,,mys,Mean Years of Schooling (years),2013,7.899999809,
VNM,Viet Nam,HDI,Human Development Index,,mys,Mean Years of Schooling (years),2014,7.989999771,
VNM,Viet Nam,HDI,Human Development Index,,mys,Mean Years of Schooling (years),2015,8.079999733,
VNM,Viet Nam,HDI,Human Development Index,,mys,Mean Years of Schooling (years),2016,8.169999695,
VNM,Viet Nam,HDI,Human Development Index,,mys,Mean Years of Schooling (years),2017,8.259999657,
VNM,Viet Nam,HDI,Human Development Index,,mys,Mean Years of Schooling (years),2018,8.349999619,
VNM,Viet Nam,HDI,Human Development Index,,mys,Mean Years of Schooling (years),2019,8.43999958,
VNM,Viet Nam,HDI,Human Development Index,,mys,Mean Years of Schooling (years),2020,8.619999568,
VNM,Viet Nam,HDI,Human Development Index,,mys,Mean Years of Schooling (years),2021,8.799999555,
VNM,Viet Nam,HDI,Human Development Index,,mys,Mean Years of Schooling (years),2022,8.979999542,
VNM,Viet Nam,HDI,Human Development Index,,mys,Mean Years of Schooling (years),2023,8.979999542,
