Country_Code,Country_Name,Year,Indicator_Code,Indicator_Name,Value
BRN,Brunei Darussalam,2024,NY.GDP.PCAP.CD,GDP_Per_Capita,33417.8357740437
BRN,Brunei Darussalam,2023,NY.GDP.PCAP.CD,GDP_Per_Capita,32890.5492465722
BRN,Brunei Darussalam,2022,NY.GDP.PCAP.CD,GDP_Per_Capita,36632.9280421411
BRN,Brunei Darussalam,2021,NY.GDP.PCAP.CD,GDP_Per_Capita,31006.9636220576
BRN,Brunei Darussalam,2020,NY.GDP.PCAP.CD,GDP_Per_Capita,26834.3592463839
BRN,Brunei Darussalam,2019,NY.GDP.PCAP.CD,GDP_Per_Capita,30426.5730284202
BRN,Brunei Darussalam,2018,NY.GDP.PCAP.CD,GDP_Per_Capita,30988.1190497851
BRN,Brunei Darussalam,2017,NY.GDP.PCAP.CD,GDP_Per_Capita,28024.3824618568
BRN,Brunei Darussalam,2016,NY.GDP.PCAP.CD,GDP_Per_Capita,26663.2973199878
BRN,Brunei Darussalam,2015,NY.GDP.PCAP.CD,GDP_Per_Capita,30625.128732694
BRN,Brunei Darussalam,2014,NY.GDP.PCAP.CD,GDP_Per_Capita,41026.508391054
BRN,Brunei Darussalam,2013,NY.GDP.PCAP.CD,GDP_Per_Capita,44003.0644293856
BRN,Brunei Darussalam,2012,NY.GDP.PCAP.CD,GDP_Per_Capita,46968.5971144517
BRN,Brunei Darussalam,2011,NY.GDP.PCAP.CD,GDP_Per_Capita,46382.8274456238
BRN,Brunei Darussalam,2010,NY.GDP.PCAP.CD,GDP_Per_Capita,34937.5555174068
BRN,Brunei Darussalam,2009,NY.GDP.PCAP.CD,GDP_Per_Capita,30946.4674272953
BRN,Brunei Darussalam,2008,NY.GDP.PCAP.CD,GDP_Per_Capita,42156.5685216979
BRN,Brunei Darussalam,2007,NY.GDP.PCAP.CD,GDP_Per_Capita,36217.3291010089
BRN,Brunei Darussalam,2006,NY.GDP.PCAP.CD,GDP_Per_Capita,34674.7995990594
BRN,Brunei Darussalam,2005,NY.GDP.PCAP.CD,GDP_Per_Capita,29386.2703597208
BRN,Brunei Darussalam,2004,NY.GDP.PCAP.CD,GDP_Per_Capita,24423.0947731021
BRN,Brunei Darussalam,2003,NY.GDP.PCAP.CD,GDP_Per_Capita,20677.9001224663
BRN,Brunei Darussalam,2002,NY.GDP.PCAP.CD,GDP_Per_Capita,18621.2922677806
BRN,Brunei Darussalam,2001,NY.GDP.PCAP.CD,GDP_Per_Capita,18287.8271687345
BRN,Brunei Darussalam,2000,NY.GDP.PCAP.CD,GDP_Per_Capita,20130.2571493081
BRN,Brunei Darussalam,1999,NY.GDP.PCAP.CD,GDP_Per_Capita,19752.2013169229
BRN,Brunei Darussalam,1998,NY.GDP.PCAP.CD,GDP_Per_Capita,17769.2463626025
BRN,Brunei Darussalam,1997,NY.GDP.PCAP.CD,GDP_Per_Capita,25522.3975481543
BRN,Brunei Darussalam,1996,NY.GDP.PCAP.CD,GDP_Per_Capita,25692.235637475
BRN,Brunei Darussalam,1995,NY.GDP.PCAP.CD,GDP_Per_Capita,26443.2564321071
BRN,Brunei Darussalam,1994,NY.GDP.PCAP.CD,GDP_Per_Capita,22766.5871897245
BRN,Brunei Darussalam,1993,NY.GDP.PCAP.CD,GDP_Per_Capita,22397.073791312
BRN,Brunei Darussalam,1992,NY.GDP.PCAP.CD,GDP_Per_Capita,23450.8964414887
BRN,Brunei Darussalam,1991,NY.GDP.PCAP.CD,GDP_Per_Capita,23932.1897530199
BRN,Brunei Darussalam,1990,NY.GDP.PCAP.CD,GDP_Per_Capita,23658.7166330381
BRN,Brunei Darussalam,1989,NY.GDP.PCAP.CD,GDP_Per_Capita,20090.0690184766
BRN,Brunei Darussalam,1988,NY.GDP.PCAP.CD,GDP_Per_Capita,18824.7637309359
BRN,Brunei Darussalam,1987,NY.GDP.PCAP.CD,GDP_Per_Capita,21029.7189772961
BRN,Brunei Darussalam,1986,NY.GDP.PCAP.CD,GDP_Per_Capita,18500.5408625966
BRN,Brunei Darussalam,1985,NY.GDP.PCAP.CD,GDP_Per_Capita,31827.4059557344
BRN,Brunei Darussalam,1984,NY.GDP.PCAP.CD,GDP_Per_Capita,36061.3815259405
BRN,Brunei Darussalam,1983,NY.GDP.PCAP.CD,GDP_Per_Capita,38720.0939254718
BRN,Brunei Darussalam,1982,NY.GDP.PCAP.CD,GDP_Per_Capita,45074.5499241983
BRN,Brunei Darussalam,1981,NY.GDP.PCAP.CD,GDP_Per_Capita,48793.4422577232
BRN,Brunei Darussalam,1980,NY.GDP.PCAP.CD,GDP_Per_Capita,58005.3424763282
BRN,Brunei Darussalam,1979,NY.GDP.PCAP.CD,GDP_Per_Capita,33501.2782714145
BRN,Brunei Darussalam,1978,NY.GDP.PCAP.CD,GDP_Per_Capita,23446.5341231193
BRN,Brunei Darussalam,1977,NY.GDP.PCAP.CD,GDP_Per_Capita,21746.8559126458
BRN,Brunei Darussalam,1976,NY.GDP.PCAP.CD,GDP_Per_Capita,18671.3624129294
BRN,Brunei Darussalam,1975,NY.GDP.PCAP.CD,GDP_Per_Capita,15793.1312553958
BRN,Brunei Darussalam,1974,NY.GDP.PCAP.CD,GDP_Per_Capita,15194.792305663
BRN,Brunei Darussalam,1973,NY.GDP.PCAP.CD,GDP_Per_Capita,2938.85095702716
BRN,Brunei Darussalam,1972,NY.GDP.PCAP.CD,GDP_Per_Capita,1904.66760457331
BRN,Brunei Darussalam,1971,NY.GDP.PCAP.CD,GDP_Per_Capita,1432.16600656705
BRN,Brunei Darussalam,1970,NY.GDP.PCAP.CD,GDP_Per_Capita,1325.15598362979
BRN,Brunei Darussalam,1969,NY.GDP.PCAP.CD,GDP_Per_Capita,1226.43698889034
BRN,Brunei Darussalam,1968,NY.GDP.PCAP.CD,GDP_Per_Capita,1274.0903793851
BRN,Brunei Darussalam,1967,NY.GDP.PCAP.CD,GDP_Per_Capita,1148.84303232869
BRN,Brunei Darussalam,1966,NY.GDP.PCAP.CD,GDP_Per_Capita,1145.70592233266
BRN,Brunei Darussalam,1965,NY.GDP.PCAP.CD,GDP_Per_Capita,1028.88450343084
IDN,Indonesia,2024,NY.GDP.PCAP.CD,GDP_Per_Capita,4925.43048751861
IDN,Indonesia,2023,NY.GDP.PCAP.CD,GDP_Per_Capita,4876.30774512252
IDN,Indonesia,2022,NY.GDP.PCAP.CD,GDP_Per_Capita,4730.83484836107
IDN,Indonesia,2021,NY.GDP.PCAP.CD,GDP_Per_Capita,4287.17313995098
IDN,Indonesia,2020,NY.GDP.PCAP.CD,GDP_Per_Capita,3853.70288774146
IDN,Indonesia,2019,NY.GDP.PCAP.CD,GDP_Per_Capita,4106.94856160358
IDN,Indonesia,2018,NY.GDP.PCAP.CD,GDP_Per_Capita,3860.95353090726
IDN,Indonesia,2017,NY.GDP.PCAP.CD,GDP_Per_Capita,3798.88326174526
IDN,Indonesia,2016,NY.GDP.PCAP.CD,GDP_Per_Capita,3521.46943457574
IDN,Indonesia,2015,NY.GDP.PCAP.CD,GDP_Per_Capita,3288.22269725538
IDN,Indonesia,2014,NY.GDP.PCAP.CD,GDP_Per_Capita,3441.06808464008
IDN,Indonesia,2013,NY.GDP.PCAP.CD,GDP_Per_Capita,3566.60284506078
IDN,Indonesia,2012,NY.GDP.PCAP.CD,GDP_Per_Capita,3632.27254030331
IDN,Indonesia,2011,NY.GDP.PCAP.CD,GDP_Per_Capita,3579.46442466152
IDN,Indonesia,2010,NY.GDP.PCAP.CD,GDP_Per_Capita,3065.68348377765
IDN,Indonesia,2009,NY.GDP.PCAP.CD,GDP_Per_Capita,2218.48541852977
IDN,Indonesia,2008,NY.GDP.PCAP.CD,GDP_Per_Capita,2124.55483920618
IDN,Indonesia,2007,NY.GDP.PCAP.CD,GDP_Per_Capita,1823.21976255073
IDN,Indonesia,2006,NY.GDP.PCAP.CD,GDP_Per_Capita,1558.31562847163
IDN,Indonesia,2005,NY.GDP.PCAP.CD,GDP_Per_Capita,1238.21447629488
IDN,Indonesia,2004,NY.GDP.PCAP.CD,GDP_Per_Capita,1126.84004447173
IDN,Indonesia,2003,NY.GDP.PCAP.CD,GDP_Per_Capita,1043.2105838671
IDN,Indonesia,2002,NY.GDP.PCAP.CD,GDP_Per_Capita,881.002913569131
IDN,Indonesia,2001,NY.GDP.PCAP.CD,GDP_Per_Capita,732.307093405708
IDN,Indonesia,2000,NY.GDP.PCAP.CD,GDP_Per_Capita,763.711124950924
IDN,Indonesia,1999,NY.GDP.PCAP.CD,GDP_Per_Capita,657.268934667018
IDN,Indonesia,1998,NY.GDP.PCAP.CD,GDP_Per_Capita,454.877800792123
IDN,Indonesia,1997,NY.GDP.PCAP.CD,GDP_Per_Capita,1044.60674832472
IDN,Indonesia,1996,NY.GDP.PCAP.CD,GDP_Per_Capita,1118.92133024129
IDN,Indonesia,1995,NY.GDP.PCAP.CD,GDP_Per_Capita,1011.22614205568
IDN,Indonesia,1994,NY.GDP.PCAP.CD,GDP_Per_Capita,899.793982949817
IDN,Indonesia,1993,NY.GDP.PCAP.CD,GDP_Per_Capita,817.395116417856
IDN,Indonesia,1992,NY.GDP.PCAP.CD,GDP_Per_Capita,673.67103954742
IDN,Indonesia,1991,NY.GDP.PCAP.CD,GDP_Per_Capita,624.387495384411
IDN,Indonesia,1990,NY.GDP.PCAP.CD,GDP_Per_Capita,578.420121135382
IDN,Indonesia,1989,NY.GDP.PCAP.CD,GDP_Per_Capita,524.143027322576
IDN,Indonesia,1988,NY.GDP.PCAP.CD,GDP_Per_Capita,476.662483405818
IDN,Indonesia,1987,NY.GDP.PCAP.CD,GDP_Per_Capita,437.60655039936
IDN,Indonesia,1986,NY.GDP.PCAP.CD,GDP_Per_Capita,469.834241253429
IDN,Indonesia,1985,NY.GDP.PCAP.CD,GDP_Per_Capita,511.400883618027
IDN,Indonesia,1984,NY.GDP.PCAP.CD,GDP_Per_Capita,519.774063103241
IDN,Indonesia,1983,NY.GDP.PCAP.CD,GDP_Per_Capita,507.682945653414
IDN,Indonesia,1982,NY.GDP.PCAP.CD,GDP_Per_Capita,577.745632722784
IDN,Indonesia,1981,NY.GDP.PCAP.CD,GDP_Per_Capita,560.830336032961
IDN,Indonesia,1980,NY.GDP.PCAP.CD,GDP_Per_Capita,486.620172021155
IDN,Indonesia,1979,NY.GDP.PCAP.CD,GDP_Per_Capita,353.424175826329
IDN,Indonesia,1978,NY.GDP.PCAP.CD,GDP_Per_Capita,362.483779779007
IDN,Indonesia,1977,NY.GDP.PCAP.CD,GDP_Per_Capita,330.670214101079
IDN,Indonesia,1976,NY.GDP.PCAP.CD,GDP_Per_Capita,275.713167824796
IDN,Indonesia,1975,NY.GDP.PCAP.CD,GDP_Per_Capita,231.060120618497
IDN,Indonesia,1974,NY.GDP.PCAP.CD,GDP_Per_Capita,200.710984454591
IDN,Indonesia,1973,NY.GDP.PCAP.CD,GDP_Per_Capita,129.886231088685
IDN,Indonesia,1972,NY.GDP.PCAP.CD,GDP_Per_Capita,90.1147549138956
IDN,Indonesia,1971,NY.GDP.PCAP.CD,GDP_Per_Capita,78.5428393869752
IDN,Indonesia,1970,NY.GDP.PCAP.CD,GDP_Per_Capita,79.118823484002
IDN,Indonesia,1969,NY.GDP.PCAP.CD,GDP_Per_Capita,74.0988114128793
IDN,Indonesia,1968,NY.GDP.PCAP.CD,GDP_Per_Capita,64.6547730642556
IDN,Indonesia,1967,NY.GDP.PCAP.CD,GDP_Per_Capita,53.2051866988581
KHM,Cambodia,2024,NY.GDP.PCAP.CD,GDP_Per_Capita,2627.8796974226
KHM,Cambodia,2023,NY.GDP.PCAP.CD,GDP_Per_Capita,2429.74853452838
KHM,Cambodia,2022,NY.GDP.PCAP.CD,GDP_Per_Capita,2325.03050040841
KHM,Cambodia,2021,NY.GDP.PCAP.CD,GDP_Per_Capita,2167.40324198499
KHM,Cambodia,2020,NY.GDP.PCAP.CD,GDP_Per_Capita,2081.73914242939
KHM,Cambodia,2019,NY.GDP.PCAP.CD,GDP_Per_Capita,2225.87705485686
KHM,Cambodia,2018,NY.GDP.PCAP.CD,GDP_Per_Capita,2036.67377566578
KHM,Cambodia,2017,NY.GDP.PCAP.CD,GDP_Per_Capita,1826.35391688754
KHM,Cambodia,2016,NY.GDP.PCAP.CD,GDP_Per_Capita,1675.19555711109
KHM,Cambodia,2015,NY.GDP.PCAP.CD,GDP_Per_Capita,1547.32010444393
KHM,Cambodia,2014,NY.GDP.PCAP.CD,GDP_Per_Capita,1431.56396469993
KHM,Cambodia,2013,NY.GDP.PCAP.CD,GDP_Per_Capita,1305.6600972686
KHM,Cambodia,2012,NY.GDP.PCAP.CD,GDP_Per_Capita,1192.80263041673
KHM,Cambodia,2011,NY.GDP.PCAP.CD,GDP_Per_Capita,1088.98152823081
KHM,Cambodia,2010,NY.GDP.PCAP.CD,GDP_Per_Capita,952.274616324008
KHM,Cambodia,2009,NY.GDP.PCAP.CD,GDP_Per_Capita,875.748936193569
KHM,Cambodia,2008,NY.GDP.PCAP.CD,GDP_Per_Capita,866.283999789749
KHM,Cambodia,2007,NY.GDP.PCAP.CD,GDP_Per_Capita,731.692295125426
KHM,Cambodia,2006,NY.GDP.PCAP.CD,GDP_Per_Capita,612.252648550727
KHM,Cambodia,2005,NY.GDP.PCAP.CD,GDP_Per_Capita,525.797325120926
KHM,Cambodia,2004,NY.GDP.PCAP.CD,GDP_Per_Capita,444.199067529081
KHM,Cambodia,2003,NY.GDP.PCAP.CD,GDP_Per_Capita,386.691123931778
KHM,Cambodia,2002,NY.GDP.PCAP.CD,GDP_Per_Capita,350.147276634294
KHM,Cambodia,2001,NY.GDP.PCAP.CD,GDP_Per_Capita,327.500984314444
KHM,Cambodia,2000,NY.GDP.PCAP.CD,GDP_Per_Capita,296.426687526334
KHM,Cambodia,1999,NY.GDP.PCAP.CD,GDP_Per_Capita,286.753596443196
KHM,Cambodia,1998,NY.GDP.PCAP.CD,GDP_Per_Capita,258.780953189377
KHM,Cambodia,1997,NY.GDP.PCAP.CD,GDP_Per_Capita,297.59041960803
KHM,Cambodia,1996,NY.GDP.PCAP.CD,GDP_Per_Capita,324.655870983004
KHM,Cambodia,1995,NY.GDP.PCAP.CD,GDP_Per_Capita,343.485224671585
KHM,Cambodia,1994,NY.GDP.PCAP.CD,GDP_Per_Capita,302.1307854832
KHM,Cambodia,1993,NY.GDP.PCAP.CD,GDP_Per_Capita,294.059372727558
KHM,Cambodia,1992,NY.GDP.PCAP.CD,GDP_Per_Capita,307.094922385136
KHM,Cambodia,1991,NY.GDP.PCAP.CD,GDP_Per_Capita,267.336306726982
KHM,Cambodia,1990,NY.GDP.PCAP.CD,GDP_Per_Capita,190.181470036159
KHM,Cambodia,1989,NY.GDP.PCAP.CD,GDP_Per_Capita,191.297492431658
KHM,Cambodia,1988,NY.GDP.PCAP.CD,GDP_Per_Capita,244.109577464605
KHM,Cambodia,1987,NY.GDP.PCAP.CD,GDP_Per_Capita,158.124375446975
KHM,Cambodia,1986,NY.GDP.PCAP.CD,GDP_Per_Capita,185.759997798349
KHM,Cambodia,1985,NY.GDP.PCAP.CD,GDP_Per_Capita,182.446852317187
KHM,Cambodia,1984,NY.GDP.PCAP.CD,GDP_Per_Capita,174.705837134358
KHM,Cambodia,1983,NY.GDP.PCAP.CD,GDP_Per_Capita,166.65319934361
KHM,Cambodia,1982,NY.GDP.PCAP.CD,GDP_Per_Capita,159.206634020357
KHM,Cambodia,1981,NY.GDP.PCAP.CD,GDP_Per_Capita,154.253841174151
KHM,Cambodia,1980,NY.GDP.PCAP.CD,GDP_Per_Capita,143.154317973128
KHM,Cambodia,1979,NY.GDP.PCAP.CD,GDP_Per_Capita,142.221617062037
KHM,Cambodia,1978,NY.GDP.PCAP.CD,GDP_Per_Capita,147.101573366096
KHM,Cambodia,1977,NY.GDP.PCAP.CD,GDP_Per_Capita,126.357117453489
KHM,Cambodia,1976,NY.GDP.PCAP.CD,GDP_Per_Capita,128.827777341533
KHM,Cambodia,1975,NY.GDP.PCAP.CD,GDP_Per_Capita,113.825789208758
LAO,Lao PDR,2024,NY.GDP.PCAP.CD,GDP_Per_Capita,2123.97909411797
LAO,Lao PDR,2023,NY.GDP.PCAP.CD,GDP_Per_Capita,2066.94979776957
LAO,Lao PDR,2022,NY.GDP.PCAP.CD,GDP_Per_Capita,2046.40440255621
LAO,Lao PDR,2021,NY.GDP.PCAP.CD,GDP_Per_Capita,2526.05105018529
LAO,Lao PDR,2020,NY.GDP.PCAP.CD,GDP_Per_Capita,2583.77730696131
LAO,Lao PDR,2019,NY.GDP.PCAP.CD,GDP_Per_Capita,2589.32081035237
LAO,Lao PDR,2018,NY.GDP.PCAP.CD,GDP_Per_Capita,2545.1075420815
LAO,Lao PDR,2017,NY.GDP.PCAP.CD,GDP_Per_Capita,2432.43059478511
LAO,Lao PDR,2016,NY.GDP.PCAP.CD,GDP_Per_Capita,2303.22156035363
LAO,Lao PDR,2015,NY.GDP.PCAP.CD,GDP_Per_Capita,2121.01339097363
LAO,Lao PDR,2014,NY.GDP.PCAP.CD,GDP_Per_Capita,1981.03910900473
LAO,Lao PDR,2013,NY.GDP.PCAP.CD,GDP_Per_Capita,1812.51774424651
LAO,Lao PDR,2012,NY.GDP.PCAP.CD,GDP_Per_Capita,1563.5650771337
LAO,Lao PDR,2011,NY.GDP.PCAP.CD,GDP_Per_Capita,1361.54704394913
LAO,Lao PDR,2010,NY.GDP.PCAP.CD,GDP_Per_Capita,1125.91610151261
LAO,Lao PDR,2009,NY.GDP.PCAP.CD,GDP_Per_Capita,935.03237283283
LAO,Lao PDR,2008,NY.GDP.PCAP.CD,GDP_Per_Capita,885.747376088762
LAO,Lao PDR,2007,NY.GDP.PCAP.CD,GDP_Per_Capita,697.323013673925
LAO,Lao PDR,2006,NY.GDP.PCAP.CD,GDP_Per_Capita,579.391947440719
LAO,Lao PDR,2005,NY.GDP.PCAP.CD,GDP_Per_Capita,466.061506997741
LAO,Lao PDR,2004,NY.GDP.PCAP.CD,GDP_Per_Capita,409.296298284117
LAO,Lao PDR,2003,NY.GDP.PCAP.CD,GDP_Per_Capita,355.097216151461
LAO,Lao PDR,2002,NY.GDP.PCAP.CD,GDP_Per_Capita,313.350817148131
LAO,Lao PDR,2001,NY.GDP.PCAP.CD,GDP_Per_Capita,320.316005439568
LAO,Lao PDR,2000,NY.GDP.PCAP.CD,GDP_Per_Capita,318.749852236965
LAO,Lao PDR,1999,NY.GDP.PCAP.CD,GDP_Per_Capita,272.325307005412
LAO,Lao PDR,1998,NY.GDP.PCAP.CD,GDP_Per_Capita,243.923962451418
LAO,Lao PDR,1997,NY.GDP.PCAP.CD,GDP_Per_Capita,339.09319241187
LAO,Lao PDR,1996,NY.GDP.PCAP.CD,GDP_Per_Capita,371.341879197673
LAO,Lao PDR,1995,NY.GDP.PCAP.CD,GDP_Per_Capita,357.758162193406
LAO,Lao PDR,1994,NY.GDP.PCAP.CD,GDP_Per_Capita,320.968128951646
LAO,Lao PDR,1993,NY.GDP.PCAP.CD,GDP_Per_Capita,283.400573286349
LAO,Lao PDR,1992,NY.GDP.PCAP.CD,GDP_Per_Capita,247.345286150532
LAO,Lao PDR,1991,NY.GDP.PCAP.CD,GDP_Per_Capita,231.806227548139
LAO,Lao PDR,1990,NY.GDP.PCAP.CD,GDP_Per_Capita,200.7349054896
LAO,Lao PDR,1989,NY.GDP.PCAP.CD,GDP_Per_Capita,170.377296803511
LAO,Lao PDR,1988,NY.GDP.PCAP.CD,GDP_Per_Capita,147.070942942331
LAO,Lao PDR,1987,NY.GDP.PCAP.CD,GDP_Per_Capita,274.729585339944
LAO,Lao PDR,1986,NY.GDP.PCAP.CD,GDP_Per_Capita,461.911552367003
LAO,Lao PDR,1985,NY.GDP.PCAP.CD,GDP_Per_Capita,632.801098281291
LAO,Lao PDR,1984,NY.GDP.PCAP.CD,GDP_Per_Capita,483.017781668524
MMR,Myanmar,2024,NY.GDP.PCAP.CD,GDP_Per_Capita,1359.25961394135
MMR,Myanmar,2023,NY.GDP.PCAP.CD,GDP_Per_Capita,1233.19666209269
MMR,Myanmar,2022,NY.GDP.PCAP.CD,GDP_Per_Capita,1158.05005034332
MMR,Myanmar,2021,NY.GDP.PCAP.CD,GDP_Per_Capita,1242.72134419599
MMR,Myanmar,2020,NY.GDP.PCAP.CD,GDP_Per_Capita,1490.21683548367
MMR,Myanmar,2019,NY.GDP.PCAP.CD,GDP_Per_Capita,1425.98954211903
MMR,Myanmar,2018,NY.GDP.PCAP.CD,GDP_Per_Capita,1298.21310320785
MMR,Myanmar,2017,NY.GDP.PCAP.CD,GDP_Per_Capita,1272.82241830603
MMR,Myanmar,2016,NY.GDP.PCAP.CD,GDP_Per_Capita,1229.19713515893
MMR,Myanmar,2015,NY.GDP.PCAP.CD,GDP_Per_Capita,1166.73305546337
MMR,Myanmar,2014,NY.GDP.PCAP.CD,GDP_Per_Capita,1293.00042298688
MMR,Myanmar,2013,NY.GDP.PCAP.CD,GDP_Per_Capita,1199.09561597055
MMR,Myanmar,2012,NY.GDP.PCAP.CD,GDP_Per_Capita,1202.6658960055
MMR,Myanmar,2011,NY.GDP.PCAP.CD,GDP_Per_Capita,1213.62898703376
MMR,Myanmar,2010,NY.GDP.PCAP.CD,GDP_Per_Capita,1010.53417343401
MMR,Myanmar,2009,NY.GDP.PCAP.CD,GDP_Per_Capita,758.442935789255
MMR,Myanmar,2008,NY.GDP.PCAP.CD,GDP_Per_Capita,658.442487229705
MMR,Myanmar,2007,NY.GDP.PCAP.CD,GDP_Per_Capita,419.375780725042
MMR,Myanmar,2006,NY.GDP.PCAP.CD,GDP_Per_Capita,303.495087119254
MMR,Myanmar,2005,NY.GDP.PCAP.CD,GDP_Per_Capita,252.685193060728
MMR,Myanmar,2004,NY.GDP.PCAP.CD,GDP_Per_Capita,224.508811413327
MMR,Myanmar,2003,NY.GDP.PCAP.CD,GDP_Per_Capita,224.292688912409
MMR,Myanmar,2002,NY.GDP.PCAP.CD,GDP_Per_Capita,146.598390364449
MMR,Myanmar,2001,NY.GDP.PCAP.CD,GDP_Per_Capita,141.525660705722
MMR,Myanmar,2000,NY.GDP.PCAP.CD,GDP_Per_Capita,196.619580625284
MMR,Myanmar,1999,NY.GDP.PCAP.CD,GDP_Per_Capita,189.490155849067
MMR,Myanmar,1998,NY.GDP.PCAP.CD,GDP_Per_Capita,145.950830383757
MMR,Myanmar,1997,NY.GDP.PCAP.CD,GDP_Per_Capita,108.039770292032
MMR,Myanmar,1996,NY.GDP.PCAP.CD,GDP_Per_Capita,141.897267580367
MMR,Myanmar,1995,NY.GDP.PCAP.CD,GDP_Per_Capita,124.14348039051
MMR,Myanmar,1994,NY.GDP.PCAP.CD,GDP_Per_Capita,105.391561114159
MMR,Myanmar,1993,NY.GDP.PCAP.CD,GDP_Per_Capita,76.212889482598
MMR,Myanmar,1992,NY.GDP.PCAP.CD,GDP_Per_Capita,58.8896739558883
MMR,Myanmar,1991,NY.GDP.PCAP.CD,GDP_Per_Capita,51.2408970610106
MMR,Myanmar,1990,NY.GDP.PCAP.CD,GDP_Per_Capita,53.1225401094506
MMR,Myanmar,1989,NY.GDP.PCAP.CD,GDP_Per_Capita,51.3443285034615
MMR,Myanmar,1988,NY.GDP.PCAP.CD,GDP_Per_Capita,39.9236088878004
MMR,Myanmar,1987,NY.GDP.PCAP.CD,GDP_Per_Capita,41.1478137224602
MMR,Myanmar,1986,NY.GDP.PCAP.CD,GDP_Per_Capita,42.4193735892874
MMR,Myanmar,1985,NY.GDP.PCAP.CD,GDP_Per_Capita,40.3821412603663
MMR,Myanmar,1984,NY.GDP.PCAP.CD,GDP_Per_Capita,36.3255768443636
MMR,Myanmar,1983,NY.GDP.PCAP.CD,GDP_Per_Capita,39.2908686161265
MMR,Myanmar,1982,NY.GDP.PCAP.CD,GDP_Per_Capita,42.9535414901862
MMR,Myanmar,1981,NY.GDP.PCAP.CD,GDP_Per_Capita,32.8127790443581
MMR,Myanmar,1980,NY.GDP.PCAP.CD,GDP_Per_Capita,31.2462392881093
MMR,Myanmar,1979,NY.GDP.PCAP.CD,GDP_Per_Capita,29.2136757858848
MMR,Myanmar,1978,NY.GDP.PCAP.CD,GDP_Per_Capita,29.2562311044151
MMR,Myanmar,1977,NY.GDP.PCAP.CD,GDP_Per_Capita,27.8600867193791
MMR,Myanmar,1976,NY.GDP.PCAP.CD,GDP_Per_Capita,39.1660083715823
MMR,Myanmar,1975,NY.GDP.PCAP.CD,GDP_Per_Capita,35.163291569876
MMR,Myanmar,1974,NY.GDP.PCAP.CD,GDP_Per_Capita,41.4076276435663
MMR,Myanmar,1973,NY.GDP.PCAP.CD,GDP_Per_Capita,24.7965628847435
MMR,Myanmar,1972,NY.GDP.PCAP.CD,GDP_Per_Capita,23.2941302744944
MMR,Myanmar,1971,NY.GDP.PCAP.CD,GDP_Per_Capita,21.1257517513266
MMR,Myanmar,1970,NY.GDP.PCAP.CD,GDP_Per_Capita,20.7242782768026
MMR,Myanmar,1969,NY.GDP.PCAP.CD,GDP_Per_Capita,21.5103180527937
MMR,Myanmar,1968,NY.GDP.PCAP.CD,GDP_Per_Capita,21.5453410007264
MMR,Myanmar,1967,NY.GDP.PCAP.CD,GDP_Per_Capita,16.5453805372426
MMR,Myanmar,1966,NY.GDP.PCAP.CD,GDP_Per_Capita,11.8013216738981
MMR,Myanmar,1965,NY.GDP.PCAP.CD,GDP_Per_Capita,15.1178632326484
MMR,Myanmar,1964,NY.GDP.PCAP.CD,GDP_Per_Capita,17.3322006236435
MMR,Myanmar,1963,NY.GDP.PCAP.CD,GDP_Per_Capita,25.8039844353997
MMR,Myanmar,1962,NY.GDP.PCAP.CD,GDP_Per_Capita,27.9470039695431
MMR,Myanmar,1961,NY.GDP.PCAP.CD,GDP_Per_Capita,27.2654541223873
MMR,Myanmar,1960,NY.GDP.PCAP.CD,GDP_Per_Capita,25.0847757223623
MYS,Malaysia,2024,NY.GDP.PCAP.CD,GDP_Per_Capita,11867.2586435443
MYS,Malaysia,2023,NY.GDP.PCAP.CD,GDP_Per_Capita,11379.0851923557
MYS,Malaysia,2022,NY.GDP.PCAP.CD,GDP_Per_Capita,11748.0919307944
MYS,Malaysia,2021,NY.GDP.PCAP.CD,GDP_Per_Capita,10903.1116425938
MYS,Malaysia,2020,NY.GDP.PCAP.CD,GDP_Per_Capita,9957.52626697613
MYS,Malaysia,2019,NY.GDP.PCAP.CD,GDP_Per_Capita,10920.191763972
MYS,Malaysia,2018,NY.GDP.PCAP.CD,GDP_Per_Capita,10901.8019954421
MYS,Malaysia,2017,NY.GDP.PCAP.CD,GDP_Per_Capita,9862.54806612235
MYS,Malaysia,2016,NY.GDP.PCAP.CD,GDP_Per_Capita,9476.53409809923
MYS,Malaysia,2015,NY.GDP.PCAP.CD,GDP_Per_Capita,9648.6797937523
MYS,Malaysia,2014,NY.GDP.PCAP.CD,GDP_Per_Capita,11013.3107334403
MYS,Malaysia,2013,NY.GDP.PCAP.CD,GDP_Per_Capita,10713.6407638899
MYS,Malaysia,2012,NY.GDP.PCAP.CD,GDP_Per_Capita,10600.5744240026
MYS,Malaysia,2011,NY.GDP.PCAP.CD,GDP_Per_Capita,10217.1068585031
MYS,Malaysia,2010,NY.GDP.PCAP.CD,GDP_Per_Capita,8899.34505544675
MYS,Malaysia,2009,NY.GDP.PCAP.CD,GDP_Per_Capita,7191.43287234626
MYS,Malaysia,2008,NY.GDP.PCAP.CD,GDP_Per_Capita,8371.82156086005
MYS,Malaysia,2007,NY.GDP.PCAP.CD,GDP_Per_Capita,7168.93031942508
MYS,Malaysia,2006,NY.GDP.PCAP.CD,GDP_Per_Capita,6158.40785533236
MYS,Malaysia,2005,NY.GDP.PCAP.CD,GDP_Per_Capita,5555.58179951206
MYS,Malaysia,2004,NY.GDP.PCAP.CD,GDP_Per_Capita,4939.24851854427
MYS,Malaysia,2003,NY.GDP.PCAP.CD,GDP_Per_Capita,4465.32194567208
MYS,Malaysia,2002,NY.GDP.PCAP.CD,GDP_Per_Capita,4184.03163773539
MYS,Malaysia,2001,NY.GDP.PCAP.CD,GDP_Per_Capita,3943.79943910239
MYS,Malaysia,2000,NY.GDP.PCAP.CD,GDP_Per_Capita,4083.52874483605
MYS,Malaysia,1999,NY.GDP.PCAP.CD,GDP_Per_Capita,3527.81581379249
MYS,Malaysia,1998,NY.GDP.PCAP.CD,GDP_Per_Capita,3294.30978444095
MYS,Malaysia,1997,NY.GDP.PCAP.CD,GDP_Per_Capita,4678.56390058182
MYS,Malaysia,1996,NY.GDP.PCAP.CD,GDP_Per_Capita,4837.16897250768
MYS,Malaysia,1995,NY.GDP.PCAP.CD,GDP_Per_Capita,4363.14458333034
MYS,Malaysia,1994,NY.GDP.PCAP.CD,GDP_Per_Capita,3757.65292858601
MYS,Malaysia,1993,NY.GDP.PCAP.CD,GDP_Per_Capita,3461.99504214189
MYS,Malaysia,1992,NY.GDP.PCAP.CD,GDP_Per_Capita,3141.43321987651
MYS,Malaysia,1991,NY.GDP.PCAP.CD,GDP_Per_Capita,2679.20101106745
MYS,Malaysia,1990,NY.GDP.PCAP.CD,GDP_Per_Capita,2468.69080320116
MYS,Malaysia,1989,NY.GDP.PCAP.CD,GDP_Per_Capita,2243.60219599914
MYS,Malaysia,1988,NY.GDP.PCAP.CD,GDP_Per_Capita,2099.95467656701
MYS,Malaysia,1987,NY.GDP.PCAP.CD,GDP_Per_Capita,1977.1290866202
MYS,Malaysia,1986,NY.GDP.PCAP.CD,GDP_Per_Capita,1759.73185736702
MYS,Malaysia,1985,NY.GDP.PCAP.CD,GDP_Per_Capita,2045.57471772113
MYS,Malaysia,1984,NY.GDP.PCAP.CD,GDP_Per_Capita,2299.80870816235
MYS,Malaysia,1983,NY.GDP.PCAP.CD,GDP_Per_Capita,2124.29229106221
MYS,Malaysia,1982,NY.GDP.PCAP.CD,GDP_Per_Capita,1937.74922725899
MYS,Malaysia,1981,NY.GDP.PCAP.CD,GDP_Per_Capita,1866.10246831744
MYS,Malaysia,1980,NY.GDP.PCAP.CD,GDP_Per_Capita,1886.12339323875
MYS,Malaysia,1979,NY.GDP.PCAP.CD,GDP_Per_Capita,1679.87779419937
MYS,Malaysia,1978,NY.GDP.PCAP.CD,GDP_Per_Capita,1326.88769798353
MYS,Malaysia,1977,NY.GDP.PCAP.CD,GDP_Per_Capita,1091.70837095855
MYS,Malaysia,1976,NY.GDP.PCAP.CD,GDP_Per_Capita,940.437734141673
MYS,Malaysia,1975,NY.GDP.PCAP.CD,GDP_Per_Capita,810.570999701272
MYS,Malaysia,1974,NY.GDP.PCAP.CD,GDP_Per_Capita,847.806802570239
MYS,Malaysia,1973,NY.GDP.PCAP.CD,GDP_Per_Capita,700.728626010603
MYS,Malaysia,1972,NY.GDP.PCAP.CD,GDP_Per_Capita,472.363509449959
MYS,Malaysia,1971,NY.GDP.PCAP.CD,GDP_Per_Capita,407.19672797331
MYS,Malaysia,1970,NY.GDP.PCAP.CD,GDP_Per_Capita,379.626764270849
MYS,Malaysia,1969,NY.GDP.PCAP.CD,GDP_Per_Capita,368.385655484736
MYS,Malaysia,1968,NY.GDP.PCAP.CD,GDP_Per_Capita,342.444763417284
MYS,Malaysia,1967,NY.GDP.PCAP.CD,GDP_Per_Capita,335.425630582949
MYS,Malaysia,1966,NY.GDP.PCAP.CD,GDP_Per_Capita,338.570121454412
MYS,Malaysia,1965,NY.GDP.PCAP.CD,GDP_Per_Capita,326.436007443045
MYS,Malaysia,1964,NY.GDP.PCAP.CD,GDP_Per_Capita,302.933952345239
MYS,Malaysia,1963,NY.GDP.PCAP.CD,GDP_Per_Capita,291.800006993807
MYS,Malaysia,1962,NY.GDP.PCAP.CD,GDP_Per_Capita,238.836339180717
MYS,Malaysia,1961,NY.GDP.PCAP.CD,GDP_Per_Capita,232.943768818315
MYS,Malaysia,1960,NY.GDP.PCAP.CD,GDP_Per_Capita,240.847414554537
PHL,Philippines,2024,NY.GDP.PCAP.CD,GDP_Per_Capita,3984.8315387656
PHL,Philippines,2023,NY.GDP.PCAP.CD,GDP_Per_Capita,3804.08274131097
PHL,Philippines,2022,NY.GDP.PCAP.CD,GDP_Per_Capita,3548.06930572116
PHL,Philippines,2021,NY.GDP.PCAP.CD,GDP_Per_Capita,3484.38593882819
PHL,Philippines,2020,NY.GDP.PCAP.CD,GDP_Per_Capita,3227.57910235199
PHL,Philippines,2019,NY.GDP.PCAP.CD,GDP_Per_Capita,3400.78949767074
PHL,Philippines,2018,NY.GDP.PCAP.CD,GDP_Per_Capita,3168.51036609727
PHL,Philippines,2017,NY.GDP.PCAP.CD,GDP_Per_Capita,3038.12124959289
PHL,Philippines,2016,NY.GDP.PCAP.CD,GDP_Per_Capita,2985.19564024046
PHL,Philippines,2015,NY.GDP.PCAP.CD,GDP_Per_Capita,2909.85818010301
PHL,Philippines,2014,NY.GDP.PCAP.CD,GDP_Per_Capita,2866.83803761407
PHL,Philippines,2013,NY.GDP.PCAP.CD,GDP_Per_Capita,2781.27957677397
PHL,Philippines,2012,NY.GDP.PCAP.CD,GDP_Per_Capita,2614.61644401308
PHL,Philippines,2011,NY.GDP.PCAP.CD,GDP_Per_Capita,2383.91892522087
PHL,Philippines,2010,NY.GDP.PCAP.CD,GDP_Per_Capita,2162.91375885614
PHL,Philippines,2009,NY.GDP.PCAP.CD,GDP_Per_Capita,1864.45043406471
PHL,Philippines,2008,NY.GDP.PCAP.CD,GDP_Per_Capita,1959.29233534978
PHL,Philippines,2007,NY.GDP.PCAP.CD,GDP_Per_Capita,1712.65543282793
PHL,Philippines,2006,NY.GDP.PCAP.CD,GDP_Per_Capita,1426.14649179546
PHL,Philippines,2005,NY.GDP.PCAP.CD,GDP_Per_Capita,1220.46018559867
PHL,Philippines,2004,NY.GDP.PCAP.CD,GDP_Per_Capita,1099.63013023758
PHL,Philippines,2003,NY.GDP.PCAP.CD,GDP_Per_Capita,1027.2301192843
PHL,Philippines,2002,NY.GDP.PCAP.CD,GDP_Per_Capita,1014.90879320106
PHL,Philippines,2001,NY.GDP.PCAP.CD,GDP_Per_Capita,969.530611744453
PHL,Philippines,2000,NY.GDP.PCAP.CD,GDP_Per_Capita,1050.79273107952
PHL,Philippines,1999,NY.GDP.PCAP.CD,GDP_Per_Capita,1101.43515975318
PHL,Philippines,1998,NY.GDP.PCAP.CD,GDP_Per_Capita,982.865943728564
PHL,Philippines,1997,NY.GDP.PCAP.CD,GDP_Per_Capita,1273.27604875636
PHL,Philippines,1996,NY.GDP.PCAP.CD,GDP_Per_Capita,1311.09249403865
PHL,Philippines,1995,NY.GDP.PCAP.CD,GDP_Per_Capita,1199.84171414993
PHL,Philippines,1994,NY.GDP.PCAP.CD,GDP_Per_Capita,1059.9838951587
PHL,Philippines,1993,NY.GDP.PCAP.CD,GDP_Per_Capita,918.642953796961
PHL,Philippines,1992,NY.GDP.PCAP.CD,GDP_Per_Capita,916.515694532029
PHL,Philippines,1991,NY.GDP.PCAP.CD,GDP_Per_Capita,804.323330530547
PHL,Philippines,1990,NY.GDP.PCAP.CD,GDP_Per_Capita,803.572588255813
PHL,Philippines,1989,NY.GDP.PCAP.CD,GDP_Per_Capita,791.864324425833
PHL,Philippines,1988,NY.GDP.PCAP.CD,GDP_Per_Capita,722.343718454247
PHL,Philippines,1987,NY.GDP.PCAP.CD,GDP_Per_Capita,649.812857590607
PHL,Philippines,1986,NY.GDP.PCAP.CD,GDP_Per_Capita,600.002843935462
PHL,Philippines,1985,NY.GDP.PCAP.CD,GDP_Per_Capita,633.211065310196
PHL,Philippines,1984,NY.GDP.PCAP.CD,GDP_Per_Capita,665.042349344043
PHL,Philippines,1983,NY.GDP.PCAP.CD,GDP_Per_Capita,723.430497138016
PHL,Philippines,1982,NY.GDP.PCAP.CD,GDP_Per_Capita,832.536200258054
PHL,Philippines,1981,NY.GDP.PCAP.CD,GDP_Per_Capita,821.293256858092
PHL,Philippines,1980,NY.GDP.PCAP.CD,GDP_Per_Capita,766.969451146209
PHL,Philippines,1979,NY.GDP.PCAP.CD,GDP_Per_Capita,666.956386771672
PHL,Philippines,1978,NY.GDP.PCAP.CD,GDP_Per_Capita,565.267487053598
PHL,Philippines,1977,NY.GDP.PCAP.CD,GDP_Per_Capita,502.23424288346
PHL,Philippines,1976,NY.GDP.PCAP.CD,GDP_Per_Capita,448.620084504484
PHL,Philippines,1975,NY.GDP.PCAP.CD,GDP_Per_Capita,400.638883090952
PHL,Philippines,1974,NY.GDP.PCAP.CD,GDP_Per_Capita,379.068181207602
PHL,Philippines,1973,NY.GDP.PCAP.CD,GDP_Per_Capita,283.228592733126
PHL,Philippines,1972,NY.GDP.PCAP.CD,GDP_Per_Capita,230.097611314044
PHL,Philippines,1971,NY.GDP.PCAP.CD,GDP_Per_Capita,217.429055093343
PHL,Philippines,1970,NY.GDP.PCAP.CD,GDP_Per_Capita,200.921655645037
PHL,Philippines,1969,NY.GDP.PCAP.CD,GDP_Per_Capita,261.090890369413
PHL,Philippines,1968,NY.GDP.PCAP.CD,GDP_Per_Capita,242.232067627814
PHL,Philippines,1967,NY.GDP.PCAP.CD,GDP_Per_Capita,223.124766332659
PHL,Philippines,1966,NY.GDP.PCAP.CD,GDP_Per_Capita,213.849586020843
PHL,Philippines,1965,NY.GDP.PCAP.CD,GDP_Per_Capita,199.763575376063
PHL,Philippines,1964,NY.GDP.PCAP.CD,GDP_Per_Capita,188.153783582113
PHL,Philippines,1963,NY.GDP.PCAP.CD,GDP_Per_Capita,179.464434045296
PHL,Philippines,1962,NY.GDP.PCAP.CD,GDP_Per_Capita,166.689221357377
PHL,Philippines,1961,NY.GDP.PCAP.CD,GDP_Per_Capita,283.794741192369
PHL,Philippines,1960,NY.GDP.PCAP.CD,GDP_Per_Capita,269.465146474794
SGP,Singapore,2024,NY.GDP.PCAP.CD,GDP_Per_Capita,90674.066632628
SGP,Singapore,2023,NY.GDP.PCAP.CD,GDP_Per_Capita,85412.230345235
SGP,Singapore,2022,NY.GDP.PCAP.CD,GDP_Per_Capita,90299.0694637269
SGP,Singapore,2021,NY.GDP.PCAP.CD,GDP_Per_Capita,80056.1288247844
SGP,Singapore,2020,NY.GDP.PCAP.CD,GDP_Per_Capita,61410.0792630788
SGP,Singapore,2019,NY.GDP.PCAP.CD,GDP_Per_Capita,65952.0378959293
SGP,Singapore,2018,NY.GDP.PCAP.CD,GDP_Per_Capita,66881.6067035265
SGP,Singapore,2017,NY.GDP.PCAP.CD,GDP_Per_Capita,61236.251270627
SGP,Singapore,2016,NY.GDP.PCAP.CD,GDP_Per_Capita,57005.5887176547
SGP,Singapore,2015,NY.GDP.PCAP.CD,GDP_Per_Capita,55645.6068614606
SGP,Singapore,2014,NY.GDP.PCAP.CD,GDP_Per_Capita,57564.8023114977
SGP,Singapore,2013,NY.GDP.PCAP.CD,GDP_Per_Capita,56967.4257940383
SGP,Singapore,2012,NY.GDP.PCAP.CD,GDP_Per_Capita,55547.5553077786
SGP,Singapore,2011,NY.GDP.PCAP.CD,GDP_Per_Capita,53891.4570264372
SGP,Singapore,2010,NY.GDP.PCAP.CD,GDP_Per_Capita,47236.683084953
SGP,Singapore,2009,NY.GDP.PCAP.CD,GDP_Per_Capita,38926.8054365453
SGP,Singapore,2008,NY.GDP.PCAP.CD,GDP_Per_Capita,40008.5720489092
SGP,Singapore,2007,NY.GDP.PCAP.CD,GDP_Per_Capita,39432.8860198877
SGP,Singapore,2006,NY.GDP.PCAP.CD,GDP_Per_Capita,33768.4528234651
SGP,Singapore,2005,NY.GDP.PCAP.CD,GDP_Per_Capita,29961.3172812732
SGP,Singapore,2004,NY.GDP.PCAP.CD,GDP_Per_Capita,27608.080013423
SGP,Singapore,2003,NY.GDP.PCAP.CD,GDP_Per_Capita,23730.3840054566
SGP,Singapore,2002,NY.GDP.PCAP.CD,GDP_Per_Capita,22159.8373710639
SGP,Singapore,2001,NY.GDP.PCAP.CD,GDP_Per_Capita,21699.7414868907
SGP,Singapore,2000,NY.GDP.PCAP.CD,GDP_Per_Capita,23852.8389514753
SGP,Singapore,1999,NY.GDP.PCAP.CD,GDP_Per_Capita,21796.6373891001
SGP,Singapore,1998,NY.GDP.PCAP.CD,GDP_Per_Capita,21829.2737831583
SGP,Singapore,1997,NY.GDP.PCAP.CD,GDP_Per_Capita,26375.8653668113
SGP,Singapore,1996,NY.GDP.PCAP.CD,GDP_Per_Capita,26232.866096827
SGP,Singapore,1995,NY.GDP.PCAP.CD,GDP_Per_Capita,24914.8507020358
SGP,Singapore,1994,NY.GDP.PCAP.CD,GDP_Per_Capita,21552.4100366948
SGP,Singapore,1993,NY.GDP.PCAP.CD,GDP_Per_Capita,18290.130113185
SGP,Singapore,1992,NY.GDP.PCAP.CD,GDP_Per_Capita,16136.2405377661
SGP,Singapore,1991,NY.GDP.PCAP.CD,GDP_Per_Capita,14502.3799938606
SGP,Singapore,1990,NY.GDP.PCAP.CD,GDP_Per_Capita,11861.7561591366
SGP,Singapore,1989,NY.GDP.PCAP.CD,GDP_Per_Capita,10394.5389962406
SGP,Singapore,1988,NY.GDP.PCAP.CD,GDP_Per_Capita,8914.44122574729
SGP,Singapore,1987,NY.GDP.PCAP.CD,GDP_Per_Capita,7539.02930212443
SGP,Singapore,1986,NY.GDP.PCAP.CD,GDP_Per_Capita,6799.93036332671
SGP,Singapore,1985,NY.GDP.PCAP.CD,GDP_Per_Capita,7001.7667477117
SGP,Singapore,1984,NY.GDP.PCAP.CD,GDP_Per_Capita,7228.31758410647
SGP,Singapore,1983,NY.GDP.PCAP.CD,GDP_Per_Capita,6633.23667366491
SGP,Singapore,1982,NY.GDP.PCAP.CD,GDP_Per_Capita,6077.63424070932
SGP,Singapore,1981,NY.GDP.PCAP.CD,GDP_Per_Capita,5596.58597723068
SGP,Singapore,1980,NY.GDP.PCAP.CD,GDP_Per_Capita,4928.13911785754
SGP,Singapore,1979,NY.GDP.PCAP.CD,GDP_Per_Capita,3900.53355310873
SGP,Singapore,1978,NY.GDP.PCAP.CD,GDP_Per_Capita,3193.90565722355
SGP,Singapore,1977,NY.GDP.PCAP.CD,GDP_Per_Capita,2846.33598832854
SGP,Singapore,1976,NY.GDP.PCAP.CD,GDP_Per_Capita,2758.94038028476
SGP,Singapore,1975,NY.GDP.PCAP.CD,GDP_Per_Capita,2489.91157517591
SGP,Singapore,1974,NY.GDP.PCAP.CD,GDP_Per_Capita,2341.70551423633
SGP,Singapore,1973,NY.GDP.PCAP.CD,GDP_Per_Capita,1685.45979632163
SGP,Singapore,1972,NY.GDP.PCAP.CD,GDP_Per_Capita,1264.37510720987
SGP,Singapore,1971,NY.GDP.PCAP.CD,GDP_Per_Capita,1071.41154035538
SGP,Singapore,1970,NY.GDP.PCAP.CD,GDP_Per_Capita,925.797864348214
SGP,Singapore,1969,NY.GDP.PCAP.CD,GDP_Per_Capita,812.677487316618
SGP,Singapore,1968,NY.GDP.PCAP.CD,GDP_Per_Capita,708.601436896422
SGP,Singapore,1967,NY.GDP.PCAP.CD,GDP_Per_Capita,626.029437593984
SGP,Singapore,1966,NY.GDP.PCAP.CD,GDP_Per_Capita,566.803974405961
SGP,Singapore,1965,NY.GDP.PCAP.CD,GDP_Per_Capita,516.531928636745
SGP,Singapore,1964,NY.GDP.PCAP.CD,GDP_Per_Capita,485.530686047381
SGP,Singapore,1963,NY.GDP.PCAP.CD,GDP_Per_Capita,511.202235371449
SGP,Singapore,1962,NY.GDP.PCAP.CD,GDP_Per_Capita,472.082740153988
SGP,Singapore,1961,NY.GDP.PCAP.CD,GDP_Per_Capita,449.148136820776
SGP,Singapore,1960,NY.GDP.PCAP.CD,GDP_Per_Capita,428.056183371291
THA,Thailand,2024,NY.GDP.PCAP.CD,GDP_Per_Capita,7345.13569000377
THA,Thailand,2023,NY.GDP.PCAP.CD,GDP_Per_Capita,7195.10130919449
THA,Thailand,2022,NY.GDP.PCAP.CD,GDP_Per_Capita,6909.35281815827
THA,Thailand,2021,NY.GDP.PCAP.CD,GDP_Per_Capita,7057.20754802279
THA,Thailand,2020,NY.GDP.PCAP.CD,GDP_Per_Capita,6985.64393892574
THA,Thailand,2019,NY.GDP.PCAP.CD,GDP_Per_Capita,7605.69657797759
THA,Thailand,2018,NY.GDP.PCAP.CD,GDP_Per_Capita,7099.77650081458
THA,Thailand,2017,NY.GDP.PCAP.CD,GDP_Per_Capita,6413.09182530343
THA,Thailand,2016,NY.GDP.PCAP.CD,GDP_Per_Capita,5833.57715617098
THA,Thailand,2015,NY.GDP.PCAP.CD,GDP_Per_Capita,5688.85335397884
THA,Thailand,2014,NY.GDP.PCAP.CD,GDP_Per_Capita,5801.1978916205
THA,Thailand,2013,NY.GDP.PCAP.CD,GDP_Per_Capita,6018.08244729255
THA,Thailand,2012,NY.GDP.PCAP.CD,GDP_Per_Capita,5725.52802835463
THA,Thailand,2011,NY.GDP.PCAP.CD,GDP_Per_Capita,5373.6232832898
THA,Thailand,2010,NY.GDP.PCAP.CD,GDP_Per_Capita,4973.86288823778
THA,Thailand,2009,NY.GDP.PCAP.CD,GDP_Per_Capita,4135.43986952819
THA,Thailand,2008,NY.GDP.PCAP.CD,GDP_Per_Capita,4309.13509292986
THA,Thailand,2007,NY.GDP.PCAP.CD,GDP_Per_Capita,3918.52817434581
THA,Thailand,2006,NY.GDP.PCAP.CD,GDP_Per_Capita,3331.32043511773
THA,Thailand,2005,NY.GDP.PCAP.CD,GDP_Per_Capita,2867.70383436062
THA,Thailand,2004,NY.GDP.PCAP.CD,GDP_Per_Capita,2641.56268717857
THA,Thailand,2003,NY.GDP.PCAP.CD,GDP_Per_Capita,2347.54001286066
THA,Thailand,2002,NY.GDP.PCAP.CD,GDP_Per_Capita,2089.75183111554
THA,Thailand,2001,NY.GDP.PCAP.CD,GDP_Per_Capita,1889.93432467144
THA,Thailand,2000,NY.GDP.PCAP.CD,GDP_Per_Capita,2005.97694514234
THA,Thailand,1999,NY.GDP.PCAP.CD,GDP_Per_Capita,2033.24490520569
THA,Thailand,1998,NY.GDP.PCAP.CD,GDP_Per_Capita,1847.70379269771
THA,Thailand,1997,NY.GDP.PCAP.CD,GDP_Per_Capita,2473.14096982086
THA,Thailand,1996,NY.GDP.PCAP.CD,GDP_Per_Capita,3054.65690806473
THA,Thailand,1995,NY.GDP.PCAP.CD,GDP_Per_Capita,2864.36515719866
THA,Thailand,1994,NY.GDP.PCAP.CD,GDP_Per_Capita,2517.70732641683
THA,Thailand,1993,NY.GDP.PCAP.CD,GDP_Per_Capita,2245.13688708983
THA,Thailand,1992,NY.GDP.PCAP.CD,GDP_Per_Capita,1971.60879910694
THA,Thailand,1991,NY.GDP.PCAP.CD,GDP_Per_Capita,1765.62267359529
THA,Thailand,1990,NY.GDP.PCAP.CD,GDP_Per_Capita,1559.11209344755
THA,Thailand,1989,NY.GDP.PCAP.CD,GDP_Per_Capita,1341.72978395303
THA,Thailand,1988,NY.GDP.PCAP.CD,GDP_Per_Capita,1164.20096229495
THA,Thailand,1987,NY.GDP.PCAP.CD,GDP_Per_Capita,970.452522513385
THA,Thailand,1986,NY.GDP.PCAP.CD,GDP_Per_Capita,842.098436226451
THA,Thailand,1985,NY.GDP.PCAP.CD,GDP_Per_Capita,773.823923674613
THA,Thailand,1984,NY.GDP.PCAP.CD,GDP_Per_Capita,846.934168430884
THA,Thailand,1983,NY.GDP.PCAP.CD,GDP_Per_Capita,826.932302137698
THA,Thailand,1982,NY.GDP.PCAP.CD,GDP_Per_Capita,770.398953205891
THA,Thailand,1981,NY.GDP.PCAP.CD,GDP_Per_Capita,748.156726132308
THA,Thailand,1980,NY.GDP.PCAP.CD,GDP_Per_Capita,708.729450091584
THA,Thailand,1979,NY.GDP.PCAP.CD,GDP_Per_Capita,612.08876018577
THA,Thailand,1978,NY.GDP.PCAP.CD,GDP_Per_Capita,548.233113208345
THA,Thailand,1977,NY.GDP.PCAP.CD,GDP_Per_Capita,461.659141640678
THA,Thailand,1976,NY.GDP.PCAP.CD,GDP_Per_Capita,405.408734060752
THA,Thailand,1975,NY.GDP.PCAP.CD,GDP_Per_Capita,363.526350179478
THA,Thailand,1974,NY.GDP.PCAP.CD,GDP_Per_Capita,342.978897633446
THA,Thailand,1973,NY.GDP.PCAP.CD,GDP_Per_Capita,278.285062967675
THA,Thailand,1972,NY.GDP.PCAP.CD,GDP_Per_Capita,215.582022917854
THA,Thailand,1971,NY.GDP.PCAP.CD,GDP_Per_Capita,199.662201986255
THA,Thailand,1970,NY.GDP.PCAP.CD,GDP_Per_Capita,197.097903475424
THA,Thailand,1969,NY.GDP.PCAP.CD,GDP_Per_Capita,191.438734515692
THA,Thailand,1968,NY.GDP.PCAP.CD,GDP_Per_Capita,178.839752885801
THA,Thailand,1967,NY.GDP.PCAP.CD,GDP_Per_Capita,170.666971518706
THA,Thailand,1966,NY.GDP.PCAP.CD,GDP_Per_Capita,164.533414431069
THA,Thailand,1965,NY.GDP.PCAP.CD,GDP_Per_Capita,140.899873696781
THA,Thailand,1964,NY.GDP.PCAP.CD,GDP_Per_Capita,128.642226903734
THA,Thailand,1963,NY.GDP.PCAP.CD,GDP_Per_Capita,120.658598748696
THA,Thailand,1962,NY.GDP.PCAP.CD,GDP_Per_Capita,116.179493337844
THA,Thailand,1961,NY.GDP.PCAP.CD,GDP_Per_Capita,109.728794269464
THA,Thailand,1960,NY.GDP.PCAP.CD,GDP_Per_Capita,102.814571454958
VNM,Viet Nam,2024,NY.GDP.PCAP.CD,GDP_Per_Capita,4717.29028732449
VNM,Viet Nam,2023,NY.GDP.PCAP.CD,GDP_Per_Capita,4323.35031982451
VNM,Viet Nam,2022,NY.GDP.PCAP.CD,GDP_Per_Capita,4147.69777213621
VNM,Viet Nam,2021,NY.GDP.PCAP.CD,GDP_Per_Capita,3704.1935590038
VNM,Viet Nam,2020,NY.GDP.PCAP.CD,GDP_Per_Capita,3534.03953482647
VNM,Viet Nam,2019,NY.GDP.PCAP.CD,GDP_Per_Capita,3440.90025375434
VNM,Viet Nam,2018,NY.GDP.PCAP.CD,GDP_Per_Capita,3222.31003125366
VNM,Viet Nam,2017,NY.GDP.PCAP.CD,GDP_Per_Capita,2956.10992127753
VNM,Viet Nam,2016,NY.GDP.PCAP.CD,GDP_Per_Capita,2735.0604380416
VNM,Viet Nam,2015,NY.GDP.PCAP.CD,GDP_Per_Capita,2577.56885340113
VNM,Viet Nam,2014,NY.GDP.PCAP.CD,GDP_Per_Capita,2546.38464459903
VNM,Viet Nam,2013,NY.GDP.PCAP.CD,GDP_Per_Capita,2359.51736472828
VNM,Viet Nam,2012,NY.GDP.PCAP.CD,GDP_Per_Capita,2185.11767654291
VNM,Viet Nam,2011,NY.GDP.PCAP.CD,GDP_Per_Capita,1950.92504174913
VNM,Viet Nam,2010,NY.GDP.PCAP.CD,GDP_Per_Capita,1683.16182443979
VNM,Viet Nam,2009,NY.GDP.PCAP.CD,GDP_Per_Capita,1226.16976051536
VNM,Viet Nam,2008,NY.GDP.PCAP.CD,GDP_Per_Capita,1163.83195772873
VNM,Viet Nam,2007,NY.GDP.PCAP.CD,GDP_Per_Capita,925.640338348717
VNM,Viet Nam,2006,NY.GDP.PCAP.CD,GDP_Per_Capita,807.756645117054
VNM,Viet Nam,2005,NY.GDP.PCAP.CD,GDP_Per_Capita,710.746759994861
VNM,Viet Nam,2004,NY.GDP.PCAP.CD,GDP_Per_Capita,565.452284586212
VNM,Viet Nam,2003,NY.GDP.PCAP.CD,GDP_Per_Capita,497.117089249256
VNM,Viet Nam,2002,NY.GDP.PCAP.CD,GDP_Per_Capita,445.132861817313
VNM,Viet Nam,2001,NY.GDP.PCAP.CD,GDP_Per_Capita,419.205677580901
VNM,Viet Nam,2000,NY.GDP.PCAP.CD,GDP_Per_Capita,404.029784055118
VNM,Viet Nam,1999,NY.GDP.PCAP.CD,GDP_Per_Capita,375.994455900496
VNM,Viet Nam,1998,NY.GDP.PCAP.CD,GDP_Per_Capita,361.350928411167
VNM,Viet Nam,1997,NY.GDP.PCAP.CD,GDP_Per_Capita,361.643884085566
VNM,Viet Nam,1996,NY.GDP.PCAP.CD,GDP_Per_Capita,337.051231790277
VNM,Viet Nam,1995,NY.GDP.PCAP.CD,GDP_Per_Capita,287.802661028593
VNM,Viet Nam,1994,NY.GDP.PCAP.CD,GDP_Per_Capita,229.857787265757
VNM,Viet Nam,1993,NY.GDP.PCAP.CD,GDP_Per_Capita,189.418573584332
VNM,Viet Nam,1992,NY.GDP.PCAP.CD,GDP_Per_Capita,144.549392371677
VNM,Viet Nam,1991,NY.GDP.PCAP.CD,GDP_Per_Capita,143.715270231936
VNM,Viet Nam,1990,NY.GDP.PCAP.CD,GDP_Per_Capita,98.7983370311401
VNM,Viet Nam,1989,NY.GDP.PCAP.CD,GDP_Per_Capita,98.1070172159577
VNM,Viet Nam,1988,NY.GDP.PCAP.CD,GDP_Per_Capita,404.559305078888
VNM,Viet Nam,1987,NY.GDP.PCAP.CD,GDP_Per_Capita,595.247488701606
VNM,Viet Nam,1986,NY.GDP.PCAP.CD,GDP_Per_Capita,436.419296772225
VNM,Viet Nam,1985,NY.GDP.PCAP.CD,GDP_Per_Capita,238.647805313403
BRN,Brunei Darussalam,2024,BX.KLT.DINV.CD.WD,FDI_Net_Inflows,29063018.6489884
BRN,Brunei Darussalam,2023,BX.KLT.DINV.CD.WD,FDI_Net_Inflows,-55927970.3793758
BRN,Brunei Darussalam,2022,BX.KLT.DINV.CD.WD,FDI_Net_Inflows,-290169984.940837
BRN,Brunei Darussalam,2021,BX.KLT.DINV.CD.WD,FDI_Net_Inflows,206462739.392454
BRN,Brunei Darussalam,2020,BX.KLT.DINV.CD.WD,FDI_Net_Inflows,565542275.429332
BRN,Brunei Darussalam,2019,BX.KLT.DINV.CD.WD,FDI_Net_Inflows,373256767.246304
BRN,Brunei Darussalam,2018,BX.KLT.DINV.CD.WD,FDI_Net_Inflows,516202620.629746
BRN,Brunei Darussalam,2017,BX.KLT.DINV.CD.WD,FDI_Net_Inflows,467927550.316566
BRN,Brunei Darussalam,2016,BX.KLT.DINV.CD.WD,FDI_Net_Inflows,-150550827.310312
BRN,Brunei Darussalam,2015,BX.KLT.DINV.CD.WD,FDI_Net_Inflows,171289167.823994
BRN,Brunei Darussalam,2014,BX.KLT.DINV.CD.WD,FDI_Net_Inflows,573906207.836338
BRN,Brunei Darussalam,2013,BX.KLT.DINV.CD.WD,FDI_Net_Inflows,775642000.0
BRN,Brunei Darussalam,2012,BX.KLT.DINV.CD.WD,FDI_Net_Inflows,864905530.0
BRN,Brunei Darussalam,2011,BX.KLT.DINV.CD.WD,FDI_Net_Inflows,691170270.0
BRN,Brunei Darussalam,2010,BX.KLT.DINV.CD.WD,FDI_Net_Inflows,480722550.0
BRN,Brunei Darussalam,2009,BX.KLT.DINV.CD.WD,FDI_Net_Inflows,325586827.786628
BRN,Brunei Darussalam,2008,BX.KLT.DINV.CD.WD,FDI_Net_Inflows,222184549.489168
BRN,Brunei Darussalam,2007,BX.KLT.DINV.CD.WD,FDI_Net_Inflows,257635717.488309
BRN,Brunei Darussalam,2006,BX.KLT.DINV.CD.WD,FDI_Net_Inflows,87839128.3133848
BRN,Brunei Darussalam,2005,BX.KLT.DINV.CD.WD,FDI_Net_Inflows,175068516.562807
BRN,Brunei Darussalam,2004,BX.KLT.DINV.CD.WD,FDI_Net_Inflows,113205866.961457
BRN,Brunei Darussalam,2003,BX.KLT.DINV.CD.WD,FDI_Net_Inflows,123820911.146426
BRN,Brunei Darussalam,2002,BX.KLT.DINV.CD.WD,FDI_Net_Inflows,229671955.675395
BRN,Brunei Darussalam,2001,BX.KLT.DINV.CD.WD,FDI_Net_Inflows,60694643.6567848
BRN,Brunei Darussalam,2000,BX.KLT.DINV.CD.WD,FDI_Net_Inflows,549607250.0
BRN,Brunei Darussalam,1999,BX.KLT.DINV.CD.WD,FDI_Net_Inflows,747868670.0
BRN,Brunei Darussalam,1998,BX.KLT.DINV.CD.WD,FDI_Net_Inflows,573250000.0
BRN,Brunei Darussalam,1997,BX.KLT.DINV.CD.WD,FDI_Net_Inflows,701740000.0
BRN,Brunei Darussalam,1996,BX.KLT.DINV.CD.WD,FDI_Net_Inflows,653600000.0
BRN,Brunei Darussalam,1995,BX.KLT.DINV.CD.WD,FDI_Net_Inflows,582760560.0
BRN,Brunei Darussalam,1994,BX.KLT.DINV.CD.WD,FDI_Net_Inflows,5890000.0
BRN,Brunei Darussalam,1993,BX.KLT.DINV.CD.WD,FDI_Net_Inflows,8000000.0
BRN,Brunei Darussalam,1992,BX.KLT.DINV.CD.WD,FDI_Net_Inflows,7000000.0
BRN,Brunei Darussalam,1991,BX.KLT.DINV.CD.WD,FDI_Net_Inflows,5000000.0
BRN,Brunei Darussalam,1990,BX.KLT.DINV.CD.WD,FDI_Net_Inflows,7000000.0
BRN,Brunei Darussalam,1989,BX.KLT.DINV.CD.WD,FDI_Net_Inflows,10000000.0
BRN,Brunei Darussalam,1988,BX.KLT.DINV.CD.WD,FDI_Net_Inflows,460000.0
BRN,Brunei Darussalam,1987,BX.KLT.DINV.CD.WD,FDI_Net_Inflows,-70000.0
BRN,Brunei Darussalam,1986,BX.KLT.DINV.CD.WD,FDI_Net_Inflows,-6049999.9
BRN,Brunei Darussalam,1985,BX.KLT.DINV.CD.WD,FDI_Net_Inflows,3669999.9
BRN,Brunei Darussalam,1984,BX.KLT.DINV.CD.WD,FDI_Net_Inflows,800000.0
BRN,Brunei Darussalam,1983,BX.KLT.DINV.CD.WD,FDI_Net_Inflows,3620000.0
BRN,Brunei Darussalam,1982,BX.KLT.DINV.CD.WD,FDI_Net_Inflows,6210000.0
BRN,Brunei Darussalam,1981,BX.KLT.DINV.CD.WD,FDI_Net_Inflows,-11109999.9
BRN,Brunei Darussalam,1980,BX.KLT.DINV.CD.WD,FDI_Net_Inflows,-19570000.0
BRN,Brunei Darussalam,1979,BX.KLT.DINV.CD.WD,FDI_Net_Inflows,350000.0
BRN,Brunei Darussalam,1978,BX.KLT.DINV.CD.WD,FDI_Net_Inflows,4570000.0
BRN,Brunei Darussalam,1977,BX.KLT.DINV.CD.WD,FDI_Net_Inflows,-3290000.0
BRN,Brunei Darussalam,1976,BX.KLT.DINV.CD.WD,FDI_Net_Inflows,-30890000.0
BRN,Brunei Darussalam,1975,BX.KLT.DINV.CD.WD,FDI_Net_Inflows,850000.0
BRN,Brunei Darussalam,1974,BX.KLT.DINV.CD.WD,FDI_Net_Inflows,2080000.0
BRN,Brunei Darussalam,1973,BX.KLT.DINV.CD.WD,FDI_Net_Inflows,290000.0
BRN,Brunei Darussalam,1972,BX.KLT.DINV.CD.WD,FDI_Net_Inflows,-3779999.9
BRN,Brunei Darussalam,1971,BX.KLT.DINV.CD.WD,FDI_Net_Inflows,-17550000.0
BRN,Brunei Darussalam,1970,BX.KLT.DINV.CD.WD,FDI_Net_Inflows,85530000.0
IDN,Indonesia,2024,BX.KLT.DINV.CD.WD,FDI_Net_Inflows,24107310607.2181
IDN,Indonesia,2023,BX.KLT.DINV.CD.WD,FDI_Net_Inflows,21543358781.3828
IDN,Indonesia,2022,BX.KLT.DINV.CD.WD,FDI_Net_Inflows,24702029705.0926
IDN,Indonesia,2021,BX.KLT.DINV.CD.WD,FDI_Net_Inflows,21213080329.8582
IDN,Indonesia,2020,BX.KLT.DINV.CD.WD,FDI_Net_Inflows,19175077747.8077
IDN,Indonesia,2019,BX.KLT.DINV.CD.WD,FDI_Net_Inflows,24993551748.0098
IDN,Indonesia,2018,BX.KLT.DINV.CD.WD,FDI_Net_Inflows,18909826043.5105
IDN,Indonesia,2017,BX.KLT.DINV.CD.WD,FDI_Net_Inflows,20510310832.4469
IDN,Indonesia,2016,BX.KLT.DINV.CD.WD,FDI_Net_Inflows,4541713739.23769
IDN,Indonesia,2015,BX.KLT.DINV.CD.WD,FDI_Net_Inflows,19779127976.9576
IDN,Indonesia,2014,BX.KLT.DINV.CD.WD,FDI_Net_Inflows,25120732059.5134
IDN,Indonesia,2013,BX.KLT.DINV.CD.WD,FDI_Net_Inflows,23281742361.5305
IDN,Indonesia,2012,BX.KLT.DINV.CD.WD,FDI_Net_Inflows,21200778607.8726
IDN,Indonesia,2011,BX.KLT.DINV.CD.WD,FDI_Net_Inflows,20564938226.7185
IDN,Indonesia,2010,BX.KLT.DINV.CD.WD,FDI_Net_Inflows,15292009410.5099
IDN,Indonesia,2009,BX.KLT.DINV.CD.WD,FDI_Net_Inflows,4877369178.4365
IDN,Indonesia,2008,BX.KLT.DINV.CD.WD,FDI_Net_Inflows,9318453649.82664
IDN,Indonesia,2007,BX.KLT.DINV.CD.WD,FDI_Net_Inflows,6928480000.0
IDN,Indonesia,2006,BX.KLT.DINV.CD.WD,FDI_Net_Inflows,4914201435.40071
IDN,Indonesia,2005,BX.KLT.DINV.CD.WD,FDI_Net_Inflows,8336257207.64285
IDN,Indonesia,2004,BX.KLT.DINV.CD.WD,FDI_Net_Inflows,1896082770.0
IDN,Indonesia,2003,BX.KLT.DINV.CD.WD,FDI_Net_Inflows,-596923827.786241
IDN,Indonesia,2002,BX.KLT.DINV.CD.WD,FDI_Net_Inflows,145085548.722222
IDN,Indonesia,2001,BX.KLT.DINV.CD.WD,FDI_Net_Inflows,-2977391857.14286
IDN,Indonesia,2000,BX.KLT.DINV.CD.WD,FDI_Net_Inflows,-4550355285.71428
IDN,Indonesia,1999,BX.KLT.DINV.CD.WD,FDI_Net_Inflows,-1865620963.49086
IDN,Indonesia,1998,BX.KLT.DINV.CD.WD,FDI_Net_Inflows,-240800000.0
IDN,Indonesia,1997,BX.KLT.DINV.CD.WD,FDI_Net_Inflows,4677000000.0
IDN,Indonesia,1996,BX.KLT.DINV.CD.WD,FDI_Net_Inflows,6194000000.0
IDN,Indonesia,1995,BX.KLT.DINV.CD.WD,FDI_Net_Inflows,4346000000.0
IDN,Indonesia,1994,BX.KLT.DINV.CD.WD,FDI_Net_Inflows,2109000000.0
IDN,Indonesia,1993,BX.KLT.DINV.CD.WD,FDI_Net_Inflows,2004000000.0
IDN,Indonesia,1992,BX.KLT.DINV.CD.WD,FDI_Net_Inflows,1777000000.0
IDN,Indonesia,1991,BX.KLT.DINV.CD.WD,FDI_Net_Inflows,1482000000.0
IDN,Indonesia,1990,BX.KLT.DINV.CD.WD,FDI_Net_Inflows,1093000000.0
IDN,Indonesia,1989,BX.KLT.DINV.CD.WD,FDI_Net_Inflows,682000000.0
IDN,Indonesia,1988,BX.KLT.DINV.CD.WD,FDI_Net_Inflows,576000000.0
IDN,Indonesia,1987,BX.KLT.DINV.CD.WD,FDI_Net_Inflows,385000000.0
IDN,Indonesia,1986,BX.KLT.DINV.CD.WD,FDI_Net_Inflows,258000000.0
IDN,Indonesia,1985,BX.KLT.DINV.CD.WD,FDI_Net_Inflows,310000000.0
IDN,Indonesia,1984,BX.KLT.DINV.CD.WD,FDI_Net_Inflows,222000000.0
IDN,Indonesia,1983,BX.KLT.DINV.CD.WD,FDI_Net_Inflows,292000000.0
IDN,Indonesia,1982,BX.KLT.DINV.CD.WD,FDI_Net_Inflows,225000000.0
IDN,Indonesia,1981,BX.KLT.DINV.CD.WD,FDI_Net_Inflows,133000000.0
IDN,Indonesia,1980,BX.KLT.DINV.CD.WD,FDI_Net_Inflows,180000000.0
IDN,Indonesia,1979,BX.KLT.DINV.CD.WD,FDI_Net_Inflows,226000000.0
IDN,Indonesia,1978,BX.KLT.DINV.CD.WD,FDI_Net_Inflows,417709999.9
IDN,Indonesia,1977,BX.KLT.DINV.CD.WD,FDI_Net_Inflows,235000000.0
IDN,Indonesia,1976,BX.KLT.DINV.CD.WD,FDI_Net_Inflows,747590000.0
IDN,Indonesia,1975,BX.KLT.DINV.CD.WD,FDI_Net_Inflows,1292059999.9
IDN,Indonesia,1974,BX.KLT.DINV.CD.WD,FDI_Net_Inflows,182120000.0
IDN,Indonesia,1973,BX.KLT.DINV.CD.WD,FDI_Net_Inflows,581000000.0
IDN,Indonesia,1972,BX.KLT.DINV.CD.WD,FDI_Net_Inflows,253520000.0
IDN,Indonesia,1971,BX.KLT.DINV.CD.WD,FDI_Net_Inflows,299069999.9
IDN,Indonesia,1970,BX.KLT.DINV.CD.WD,FDI_Net_Inflows,145380000.0
KHM,Cambodia,2024,BX.KLT.DINV.CD.WD,FDI_Net_Inflows,4394647334.3021
KHM,Cambodia,2023,BX.KLT.DINV.CD.WD,FDI_Net_Inflows,3958792378.8864
KHM,Cambodia,2022,BX.KLT.DINV.CD.WD,FDI_Net_Inflows,3578831295.87392
KHM,Cambodia,2021,BX.KLT.DINV.CD.WD,FDI_Net_Inflows,3483461605.65372
KHM,Cambodia,2020,BX.KLT.DINV.CD.WD,FDI_Net_Inflows,3624644990.13295
KHM,Cambodia,2019,BX.KLT.DINV.CD.WD,FDI_Net_Inflows,3663032999.47048
KHM,Cambodia,2018,BX.KLT.DINV.CD.WD,FDI_Net_Inflows,3212633447.04469
KHM,Cambodia,2017,BX.KLT.DINV.CD.WD,FDI_Net_Inflows,2788084321.65815
KHM,Cambodia,2016,BX.KLT.DINV.CD.WD,FDI_Net_Inflows,2475915853.65762
KHM,Cambodia,2015,BX.KLT.DINV.CD.WD,FDI_Net_Inflows,1822804151.25711
KHM,Cambodia,2014,BX.KLT.DINV.CD.WD,FDI_Net_Inflows,1853471158.0992
KHM,Cambodia,2013,BX.KLT.DINV.CD.WD,FDI_Net_Inflows,2068470774.00468
KHM,Cambodia,2012,BX.KLT.DINV.CD.WD,FDI_Net_Inflows,1988102944.64495
KHM,Cambodia,2011,BX.KLT.DINV.CD.WD,FDI_Net_Inflows,1538883424.9002
KHM,Cambodia,2010,BX.KLT.DINV.CD.WD,FDI_Net_Inflows,1404315448.88529
KHM,Cambodia,2009,BX.KLT.DINV.CD.WD,FDI_Net_Inflows,928393617.348897
KHM,Cambodia,2008,BX.KLT.DINV.CD.WD,FDI_Net_Inflows,815180217.958376
KHM,Cambodia,2007,BX.KLT.DINV.CD.WD,FDI_Net_Inflows,867288538.643543
KHM,Cambodia,2006,BX.KLT.DINV.CD.WD,FDI_Net_Inflows,483209382.712787
KHM,Cambodia,2005,BX.KLT.DINV.CD.WD,FDI_Net_Inflows,379180190.600282
KHM,Cambodia,2004,BX.KLT.DINV.CD.WD,FDI_Net_Inflows,131416229.281784
KHM,Cambodia,2003,BX.KLT.DINV.CD.WD,FDI_Net_Inflows,81580650.5580651
KHM,Cambodia,2002,BX.KLT.DINV.CD.WD,FDI_Net_Inflows,130956363.872694
KHM,Cambodia,2001,BX.KLT.DINV.CD.WD,FDI_Net_Inflows,146481995.063844
KHM,Cambodia,2000,BX.KLT.DINV.CD.WD,FDI_Net_Inflows,118308566.31088
KHM,Cambodia,1999,BX.KLT.DINV.CD.WD,FDI_Net_Inflows,102225822.011715
KHM,Cambodia,1998,BX.KLT.DINV.CD.WD,FDI_Net_Inflows,115871733.049308
KHM,Cambodia,1997,BX.KLT.DINV.CD.WD,FDI_Net_Inflows,203700000.0
KHM,Cambodia,1996,BX.KLT.DINV.CD.WD,FDI_Net_Inflows,293600000.0
KHM,Cambodia,1995,BX.KLT.DINV.CD.WD,FDI_Net_Inflows,150800000.0
KHM,Cambodia,1994,BX.KLT.DINV.CD.WD,FDI_Net_Inflows,68900000.0
KHM,Cambodia,1993,BX.KLT.DINV.CD.WD,FDI_Net_Inflows,54124000.0
KHM,Cambodia,1992,BX.KLT.DINV.CD.WD,FDI_Net_Inflows,33000000.0
KHM,Cambodia,1980,BX.KLT.DINV.CD.WD,FDI_Net_Inflows,1000000.0
KHM,Cambodia,1975,BX.KLT.DINV.CD.WD,FDI_Net_Inflows,270000.0
KHM,Cambodia,1974,BX.KLT.DINV.CD.WD,FDI_Net_Inflows,1350000.0
KHM,Cambodia,1973,BX.KLT.DINV.CD.WD,FDI_Net_Inflows,190000.0
KHM,Cambodia,1972,BX.KLT.DINV.CD.WD,FDI_Net_Inflows,-10000.0
KHM,Cambodia,1971,BX.KLT.DINV.CD.WD,FDI_Net_Inflows,-280000.0
KHM,Cambodia,1970,BX.KLT.DINV.CD.WD,FDI_Net_Inflows,100000.0
LAO,Lao PDR,2024,BX.KLT.DINV.CD.WD,FDI_Net_Inflows,988457806.788528
LAO,Lao PDR,2023,BX.KLT.DINV.CD.WD,FDI_Net_Inflows,1781176779.47452
LAO,Lao PDR,2022,BX.KLT.DINV.CD.WD,FDI_Net_Inflows,726273736.492143
LAO,Lao PDR,2021,BX.KLT.DINV.CD.WD,FDI_Net_Inflows,1071913715.60885
LAO,Lao PDR,2020,BX.KLT.DINV.CD.WD,FDI_Net_Inflows,967706086.202045
LAO,Lao PDR,2019,BX.KLT.DINV.CD.WD,FDI_Net_Inflows,755524124.249368
LAO,Lao PDR,2018,BX.KLT.DINV.CD.WD,FDI_Net_Inflows,1358019506.22958
LAO,Lao PDR,2017,BX.KLT.DINV.CD.WD,FDI_Net_Inflows,1686287305.36006
LAO,Lao PDR,2016,BX.KLT.DINV.CD.WD,FDI_Net_Inflows,935296172.783646
LAO,Lao PDR,2015,BX.KLT.DINV.CD.WD,FDI_Net_Inflows,1077759914.58895
LAO,Lao PDR,2014,BX.KLT.DINV.CD.WD,FDI_Net_Inflows,867646121.708671
LAO,Lao PDR,2013,BX.KLT.DINV.CD.WD,FDI_Net_Inflows,681397257.103792
LAO,Lao PDR,2012,BX.KLT.DINV.CD.WD,FDI_Net_Inflows,617755394.539664
LAO,Lao PDR,2011,BX.KLT.DINV.CD.WD,FDI_Net_Inflows,300743507.13
LAO,Lao PDR,2010,BX.KLT.DINV.CD.WD,FDI_Net_Inflows,278805903.12
LAO,Lao PDR,2009,BX.KLT.DINV.CD.WD,FDI_Net_Inflows,318598209.09
LAO,Lao PDR,2008,BX.KLT.DINV.CD.WD,FDI_Net_Inflows,227770000.0
LAO,Lao PDR,2007,BX.KLT.DINV.CD.WD,FDI_Net_Inflows,323520000.0
LAO,Lao PDR,2006,BX.KLT.DINV.CD.WD,FDI_Net_Inflows,187310641.0
LAO,Lao PDR,2005,BX.KLT.DINV.CD.WD,FDI_Net_Inflows,27720000.0
LAO,Lao PDR,2004,BX.KLT.DINV.CD.WD,FDI_Net_Inflows,16917263.0
LAO,Lao PDR,2003,BX.KLT.DINV.CD.WD,FDI_Net_Inflows,19484000.8001106
LAO,Lao PDR,2002,BX.KLT.DINV.CD.WD,FDI_Net_Inflows,4451297.0311068
LAO,Lao PDR,2001,BX.KLT.DINV.CD.WD,FDI_Net_Inflows,23904284.1333333
LAO,Lao PDR,2000,BX.KLT.DINV.CD.WD,FDI_Net_Inflows,33890000.0
LAO,Lao PDR,1999,BX.KLT.DINV.CD.WD,FDI_Net_Inflows,78900000.0
LAO,Lao PDR,1998,BX.KLT.DINV.CD.WD,FDI_Net_Inflows,45900000.0
LAO,Lao PDR,1997,BX.KLT.DINV.CD.WD,FDI_Net_Inflows,91000000.0
LAO,Lao PDR,1996,BX.KLT.DINV.CD.WD,FDI_Net_Inflows,159800000.0
LAO,Lao PDR,1995,BX.KLT.DINV.CD.WD,FDI_Net_Inflows,95100000.0
LAO,Lao PDR,1994,BX.KLT.DINV.CD.WD,FDI_Net_Inflows,59200000.0
LAO,Lao PDR,1993,BX.KLT.DINV.CD.WD,FDI_Net_Inflows,29900000.0
LAO,Lao PDR,1992,BX.KLT.DINV.CD.WD,FDI_Net_Inflows,7800000.0
LAO,Lao PDR,1991,BX.KLT.DINV.CD.WD,FDI_Net_Inflows,6900000.0
LAO,Lao PDR,1990,BX.KLT.DINV.CD.WD,FDI_Net_Inflows,6000000.0
LAO,Lao PDR,1989,BX.KLT.DINV.CD.WD,FDI_Net_Inflows,4000000.0
LAO,Lao PDR,1988,BX.KLT.DINV.CD.WD,FDI_Net_Inflows,2000000.0
LAO,Lao PDR,1987,BX.KLT.DINV.CD.WD,FDI_Net_Inflows,0.0
LAO,Lao PDR,1986,BX.KLT.DINV.CD.WD,FDI_Net_Inflows,0.0
LAO,Lao PDR,1985,BX.KLT.DINV.CD.WD,FDI_Net_Inflows,-1620000.0
LAO,Lao PDR,1984,BX.KLT.DINV.CD.WD,FDI_Net_Inflows,0.0
LAO,Lao PDR,1977,BX.KLT.DINV.CD.WD,FDI_Net_Inflows,640000.0
LAO,Lao PDR,1975,BX.KLT.DINV.CD.WD,FDI_Net_Inflows,240000.0
LAO,Lao PDR,1974,BX.KLT.DINV.CD.WD,FDI_Net_Inflows,430000.0
LAO,Lao PDR,1973,BX.KLT.DINV.CD.WD,FDI_Net_Inflows,890000.0
LAO,Lao PDR,1972,BX.KLT.DINV.CD.WD,FDI_Net_Inflows,-130000.0
LAO,Lao PDR,1970,BX.KLT.DINV.CD.WD,FDI_Net_Inflows,100000.0
MMR,Myanmar,2024,BX.KLT.DINV.CD.WD,FDI_Net_Inflows,1095317000.0
MMR,Myanmar,2023,BX.KLT.DINV.CD.WD,FDI_Net_Inflows,1520172000.0
MMR,Myanmar,2022,BX.KLT.DINV.CD.WD,FDI_Net_Inflows,1238500000.0
MMR,Myanmar,2021,BX.KLT.DINV.CD.WD,FDI_Net_Inflows,2066606470.0
MMR,Myanmar,2020,BX.KLT.DINV.CD.WD,FDI_Net_Inflows,1907154040.0
MMR,Myanmar,2019,BX.KLT.DINV.CD.WD,FDI_Net_Inflows,1735589412.93376
MMR,Myanmar,2018,BX.KLT.DINV.CD.WD,FDI_Net_Inflows,1768195522.55912
MMR,Myanmar,2017,BX.KLT.DINV.CD.WD,FDI_Net_Inflows,4804272487.31986
MMR,Myanmar,2016,BX.KLT.DINV.CD.WD,FDI_Net_Inflows,3278096409.87385
MMR,Myanmar,2015,BX.KLT.DINV.CD.WD,FDI_Net_Inflows,4083839111.71186
MMR,Myanmar,2014,BX.KLT.DINV.CD.WD,FDI_Net_Inflows,2175015283.77713
MMR,Myanmar,2013,BX.KLT.DINV.CD.WD,FDI_Net_Inflows,2254603965.49345
MMR,Myanmar,2012,BX.KLT.DINV.CD.WD,FDI_Net_Inflows,1333856137.27031
MMR,Myanmar,2011,BX.KLT.DINV.CD.WD,FDI_Net_Inflows,2519813313.27459
MMR,Myanmar,2010,BX.KLT.DINV.CD.WD,FDI_Net_Inflows,901133534.876797
MMR,Myanmar,2009,BX.KLT.DINV.CD.WD,FDI_Net_Inflows,1078972200.98264
MMR,Myanmar,2008,BX.KLT.DINV.CD.WD,FDI_Net_Inflows,863880447.312828
MMR,Myanmar,2007,BX.KLT.DINV.CD.WD,FDI_Net_Inflows,709922015.309805
MMR,Myanmar,2006,BX.KLT.DINV.CD.WD,FDI_Net_Inflows,275812653.011391
MMR,Myanmar,2005,BX.KLT.DINV.CD.WD,FDI_Net_Inflows,234904379.027598
MMR,Myanmar,2004,BX.KLT.DINV.CD.WD,FDI_Net_Inflows,211364294.975748
MMR,Myanmar,2003,BX.KLT.DINV.CD.WD,FDI_Net_Inflows,248882510.026366
MMR,Myanmar,2002,BX.KLT.DINV.CD.WD,FDI_Net_Inflows,150511225.813866
MMR,Myanmar,2001,BX.KLT.DINV.CD.WD,FDI_Net_Inflows,208303564.372066
MMR,Myanmar,2000,BX.KLT.DINV.CD.WD,FDI_Net_Inflows,254789765.469466
MMR,Myanmar,1999,BX.KLT.DINV.CD.WD,FDI_Net_Inflows,253110104.66411
MMR,Myanmar,1998,BX.KLT.DINV.CD.WD,FDI_Net_Inflows,314450998.907852
MMR,Myanmar,1997,BX.KLT.DINV.CD.WD,FDI_Net_Inflows,387184136.000944
MMR,Myanmar,1996,BX.KLT.DINV.CD.WD,FDI_Net_Inflows,310437074.890386
MMR,Myanmar,1995,BX.KLT.DINV.CD.WD,FDI_Net_Inflows,277199199.509049
MMR,Myanmar,1994,BX.KLT.DINV.CD.WD,FDI_Net_Inflows,126091858.49119
MMR,Myanmar,1993,BX.KLT.DINV.CD.WD,FDI_Net_Inflows,104674233.142371
MMR,Myanmar,1992,BX.KLT.DINV.CD.WD,FDI_Net_Inflows,171558719.974061
MMR,Myanmar,1991,BX.KLT.DINV.CD.WD,FDI_Net_Inflows,238056791.873856
MMR,Myanmar,1990,BX.KLT.DINV.CD.WD,FDI_Net_Inflows,161144560.314889
MMR,Myanmar,1989,BX.KLT.DINV.CD.WD,FDI_Net_Inflows,7806630.41152735
MMR,Myanmar,1988,BX.KLT.DINV.CD.WD,FDI_Net_Inflows,0.0
MMR,Myanmar,1987,BX.KLT.DINV.CD.WD,FDI_Net_Inflows,-1540000.0
MMR,Myanmar,1986,BX.KLT.DINV.CD.WD,FDI_Net_Inflows,140000.0
MMR,Myanmar,1985,BX.KLT.DINV.CD.WD,FDI_Net_Inflows,0.0
MMR,Myanmar,1984,BX.KLT.DINV.CD.WD,FDI_Net_Inflows,780000.0
MMR,Myanmar,1983,BX.KLT.DINV.CD.WD,FDI_Net_Inflows,-420000.0
MMR,Myanmar,1982,BX.KLT.DINV.CD.WD,FDI_Net_Inflows,0.0
MMR,Myanmar,1981,BX.KLT.DINV.CD.WD,FDI_Net_Inflows,0.0
MMR,Myanmar,1980,BX.KLT.DINV.CD.WD,FDI_Net_Inflows,380000.0
MMR,Myanmar,1979,BX.KLT.DINV.CD.WD,FDI_Net_Inflows,0.0
MMR,Myanmar,1978,BX.KLT.DINV.CD.WD,FDI_Net_Inflows,0.0
MMR,Myanmar,1977,BX.KLT.DINV.CD.WD,FDI_Net_Inflows,60000.0
MMR,Myanmar,1976,BX.KLT.DINV.CD.WD,FDI_Net_Inflows,0.0
MMR,Myanmar,1975,BX.KLT.DINV.CD.WD,FDI_Net_Inflows,3310000.0
MMR,Myanmar,1974,BX.KLT.DINV.CD.WD,FDI_Net_Inflows,1020000.0
MMR,Myanmar,1973,BX.KLT.DINV.CD.WD,FDI_Net_Inflows,30000.0
MMR,Myanmar,1972,BX.KLT.DINV.CD.WD,FDI_Net_Inflows,280000.0
MMR,Myanmar,1971,BX.KLT.DINV.CD.WD,FDI_Net_Inflows,50000.0
MYS,Malaysia,2024,BX.KLT.DINV.CD.WD,FDI_Net_Inflows,15593246086.7664
MYS,Malaysia,2023,BX.KLT.DINV.CD.WD,FDI_Net_Inflows,7918601050.23635
MYS,Malaysia,2022,BX.KLT.DINV.CD.WD,FDI_Net_Inflows,15027992710.6144
MYS,Malaysia,2021,BX.KLT.DINV.CD.WD,FDI_Net_Inflows,20245157326.8023
MYS,Malaysia,2020,BX.KLT.DINV.CD.WD,FDI_Net_Inflows,4058769678.64231
MYS,Malaysia,2019,BX.KLT.DINV.CD.WD,FDI_Net_Inflows,9154921685.03934
MYS,Malaysia,2018,BX.KLT.DINV.CD.WD,FDI_Net_Inflows,8304480741.65266
MYS,Malaysia,2017,BX.KLT.DINV.CD.WD,FDI_Net_Inflows,9368469822.66145
MYS,Malaysia,2016,BX.KLT.DINV.CD.WD,FDI_Net_Inflows,13470089920.807
MYS,Malaysia,2015,BX.KLT.DINV.CD.WD,FDI_Net_Inflows,9857162111.82329
MYS,Malaysia,2014,BX.KLT.DINV.CD.WD,FDI_Net_Inflows,10619431582.9781
MYS,Malaysia,2013,BX.KLT.DINV.CD.WD,FDI_Net_Inflows,11296279513.9209
MYS,Malaysia,2012,BX.KLT.DINV.CD.WD,FDI_Net_Inflows,8895774250.70401
MYS,Malaysia,2011,BX.KLT.DINV.CD.WD,FDI_Net_Inflows,15119439203.9543
MYS,Malaysia,2010,BX.KLT.DINV.CD.WD,FDI_Net_Inflows,10885801851.6194
MYS,Malaysia,2009,BX.KLT.DINV.CD.WD,FDI_Net_Inflows,114664434.56228
MYS,Malaysia,2008,BX.KLT.DINV.CD.WD,FDI_Net_Inflows,7572512432.33634
MYS,Malaysia,2007,BX.KLT.DINV.CD.WD,FDI_Net_Inflows,9071369834.83859
MYS,Malaysia,2006,BX.KLT.DINV.CD.WD,FDI_Net_Inflows,7690731245.66746
MYS,Malaysia,2005,BX.KLT.DINV.CD.WD,FDI_Net_Inflows,3924786634.73868
MYS,Malaysia,2004,BX.KLT.DINV.CD.WD,FDI_Net_Inflows,4376052631.57894
MYS,Malaysia,2003,BX.KLT.DINV.CD.WD,FDI_Net_Inflows,3218947368.42105
MYS,Malaysia,2002,BX.KLT.DINV.CD.WD,FDI_Net_Inflows,3192894736.8421
MYS,Malaysia,2001,BX.KLT.DINV.CD.WD,FDI_Net_Inflows,553947368.421052
MYS,Malaysia,2000,BX.KLT.DINV.CD.WD,FDI_Net_Inflows,3787631578.94736
MYS,Malaysia,1999,BX.KLT.DINV.CD.WD,FDI_Net_Inflows,3895263157.89473
MYS,Malaysia,1998,BX.KLT.DINV.CD.WD,FDI_Net_Inflows,2163401815.57572
MYS,Malaysia,1997,BX.KLT.DINV.CD.WD,FDI_Net_Inflows,5136514575.67471
MYS,Malaysia,1996,BX.KLT.DINV.CD.WD,FDI_Net_Inflows,5078414947.87738
MYS,Malaysia,1995,BX.KLT.DINV.CD.WD,FDI_Net_Inflows,4178239335.0381
MYS,Malaysia,1994,BX.KLT.DINV.CD.WD,FDI_Net_Inflows,4341800916.32296
MYS,Malaysia,1993,BX.KLT.DINV.CD.WD,FDI_Net_Inflows,5005642759.8826
MYS,Malaysia,1992,BX.KLT.DINV.CD.WD,FDI_Net_Inflows,5183358086.40239
MYS,Malaysia,1991,BX.KLT.DINV.CD.WD,FDI_Net_Inflows,3998448522.46005
MYS,Malaysia,1990,BX.KLT.DINV.CD.WD,FDI_Net_Inflows,2332455289.06141
MYS,Malaysia,1989,BX.KLT.DINV.CD.WD,FDI_Net_Inflows,1667871568.72095
MYS,Malaysia,1988,BX.KLT.DINV.CD.WD,FDI_Net_Inflows,719418050.366902
MYS,Malaysia,1987,BX.KLT.DINV.CD.WD,FDI_Net_Inflows,422679709.984833
MYS,Malaysia,1986,BX.KLT.DINV.CD.WD,FDI_Net_Inflows,488874111.042602
MYS,Malaysia,1985,BX.KLT.DINV.CD.WD,FDI_Net_Inflows,694712466.229254
MYS,Malaysia,1984,BX.KLT.DINV.CD.WD,FDI_Net_Inflows,797476861.322828
MYS,Malaysia,1983,BX.KLT.DINV.CD.WD,FDI_Net_Inflows,1260527733.35506
MYS,Malaysia,1982,BX.KLT.DINV.CD.WD,FDI_Net_Inflows,1397196045.41608
MYS,Malaysia,1981,BX.KLT.DINV.CD.WD,FDI_Net_Inflows,1264688331.16862
MYS,Malaysia,1980,BX.KLT.DINV.CD.WD,FDI_Net_Inflows,933903976.260897
MYS,Malaysia,1979,BX.KLT.DINV.CD.WD,FDI_Net_Inflows,573467421.839787
MYS,Malaysia,1978,BX.KLT.DINV.CD.WD,FDI_Net_Inflows,499991004.965365
MYS,Malaysia,1977,BX.KLT.DINV.CD.WD,FDI_Net_Inflows,405885818.525049
MYS,Malaysia,1976,BX.KLT.DINV.CD.WD,FDI_Net_Inflows,381259652.112456
MYS,Malaysia,1975,BX.KLT.DINV.CD.WD,FDI_Net_Inflows,350491202.931934
MYS,Malaysia,1974,BX.KLT.DINV.CD.WD,FDI_Net_Inflows,570819254.595405
MYS,Malaysia,1973,BX.KLT.DINV.CD.WD,FDI_Net_Inflows,172000000.0
MYS,Malaysia,1972,BX.KLT.DINV.CD.WD,FDI_Net_Inflows,114000000.0
MYS,Malaysia,1971,BX.KLT.DINV.CD.WD,FDI_Net_Inflows,100000000.0
MYS,Malaysia,1970,BX.KLT.DINV.CD.WD,FDI_Net_Inflows,94000000.0
PHL,Philippines,2024,BX.KLT.DINV.CD.WD,FDI_Net_Inflows,8929837510.05481
PHL,Philippines,2023,BX.KLT.DINV.CD.WD,FDI_Net_Inflows,8925128471.59541
PHL,Philippines,2022,BX.KLT.DINV.CD.WD,FDI_Net_Inflows,9492234668.1091
PHL,Philippines,2021,BX.KLT.DINV.CD.WD,FDI_Net_Inflows,11983363327.4771
PHL,Philippines,2020,BX.KLT.DINV.CD.WD,FDI_Net_Inflows,6822133290.81919
PHL,Philippines,2019,BX.KLT.DINV.CD.WD,FDI_Net_Inflows,8671365873.65689
PHL,Philippines,2018,BX.KLT.DINV.CD.WD,FDI_Net_Inflows,9948598823.96867
PHL,Philippines,2017,BX.KLT.DINV.CD.WD,FDI_Net_Inflows,10256442398.8834
PHL,Philippines,2016,BX.KLT.DINV.CD.WD,FDI_Net_Inflows,8279548274.88501
PHL,Philippines,2015,BX.KLT.DINV.CD.WD,FDI_Net_Inflows,5639155961.87389
PHL,Philippines,2014,BX.KLT.DINV.CD.WD,FDI_Net_Inflows,5739574024.13183
PHL,Philippines,2013,BX.KLT.DINV.CD.WD,FDI_Net_Inflows,3737371739.84519
PHL,Philippines,2012,BX.KLT.DINV.CD.WD,FDI_Net_Inflows,3215415155.43566
PHL,Philippines,2011,BX.KLT.DINV.CD.WD,FDI_Net_Inflows,2007150725.40003
PHL,Philippines,2010,BX.KLT.DINV.CD.WD,FDI_Net_Inflows,1070386939.91896
PHL,Philippines,2009,BX.KLT.DINV.CD.WD,FDI_Net_Inflows,2064620677.76657
PHL,Philippines,2008,BX.KLT.DINV.CD.WD,FDI_Net_Inflows,1340027563.20325
PHL,Philippines,2007,BX.KLT.DINV.CD.WD,FDI_Net_Inflows,2918724840.50407
PHL,Philippines,2006,BX.KLT.DINV.CD.WD,FDI_Net_Inflows,2707414996.79964
PHL,Philippines,2005,BX.KLT.DINV.CD.WD,FDI_Net_Inflows,1664000000.0
PHL,Philippines,2004,BX.KLT.DINV.CD.WD,FDI_Net_Inflows,592000000.0
PHL,Philippines,2003,BX.KLT.DINV.CD.WD,FDI_Net_Inflows,492000000.0
PHL,Philippines,2002,BX.KLT.DINV.CD.WD,FDI_Net_Inflows,1769000000.0
PHL,Philippines,2001,BX.KLT.DINV.CD.WD,FDI_Net_Inflows,760000000.0
PHL,Philippines,2000,BX.KLT.DINV.CD.WD,FDI_Net_Inflows,1487000000.0
PHL,Philippines,1999,BX.KLT.DINV.CD.WD,FDI_Net_Inflows,1829000000.0
PHL,Philippines,1998,BX.KLT.DINV.CD.WD,FDI_Net_Inflows,2287000000.0
PHL,Philippines,1997,BX.KLT.DINV.CD.WD,FDI_Net_Inflows,1222000000.0
PHL,Philippines,1996,BX.KLT.DINV.CD.WD,FDI_Net_Inflows,1517000000.0
PHL,Philippines,1995,BX.KLT.DINV.CD.WD,FDI_Net_Inflows,1478000000.0
PHL,Philippines,1994,BX.KLT.DINV.CD.WD,FDI_Net_Inflows,1591000000.0
PHL,Philippines,1993,BX.KLT.DINV.CD.WD,FDI_Net_Inflows,1238000000.0
PHL,Philippines,1992,BX.KLT.DINV.CD.WD,FDI_Net_Inflows,228000000.0
PHL,Philippines,1991,BX.KLT.DINV.CD.WD,FDI_Net_Inflows,544000000.0
PHL,Philippines,1990,BX.KLT.DINV.CD.WD,FDI_Net_Inflows,530000000.0
PHL,Philippines,1989,BX.KLT.DINV.CD.WD,FDI_Net_Inflows,563000000.0
PHL,Philippines,1988,BX.KLT.DINV.CD.WD,FDI_Net_Inflows,936000000.0
PHL,Philippines,1987,BX.KLT.DINV.CD.WD,FDI_Net_Inflows,307000000.0
PHL,Philippines,1986,BX.KLT.DINV.CD.WD,FDI_Net_Inflows,127000000.0
PHL,Philippines,1985,BX.KLT.DINV.CD.WD,FDI_Net_Inflows,12000000.0
PHL,Philippines,1984,BX.KLT.DINV.CD.WD,FDI_Net_Inflows,9000000.0
PHL,Philippines,1983,BX.KLT.DINV.CD.WD,FDI_Net_Inflows,105000000.0
PHL,Philippines,1982,BX.KLT.DINV.CD.WD,FDI_Net_Inflows,16000000.0
PHL,Philippines,1981,BX.KLT.DINV.CD.WD,FDI_Net_Inflows,172000000.0
PHL,Philippines,1980,BX.KLT.DINV.CD.WD,FDI_Net_Inflows,-106000000.0
PHL,Philippines,1979,BX.KLT.DINV.CD.WD,FDI_Net_Inflows,7000000.0
PHL,Philippines,1978,BX.KLT.DINV.CD.WD,FDI_Net_Inflows,101000000.0
PHL,Philippines,1977,BX.KLT.DINV.CD.WD,FDI_Net_Inflows,210000000.0
PHL,Philippines,1976,BX.KLT.DINV.CD.WD,FDI_Net_Inflows,153500000.0
PHL,Philippines,1975,BX.KLT.DINV.CD.WD,FDI_Net_Inflows,114000000.0
PHL,Philippines,1974,BX.KLT.DINV.CD.WD,FDI_Net_Inflows,130740000.0
PHL,Philippines,1973,BX.KLT.DINV.CD.WD,FDI_Net_Inflows,59299999.9
PHL,Philippines,1972,BX.KLT.DINV.CD.WD,FDI_Net_Inflows,4099999.9
PHL,Philippines,1971,BX.KLT.DINV.CD.WD,FDI_Net_Inflows,21590000.0
PHL,Philippines,1970,BX.KLT.DINV.CD.WD,FDI_Net_Inflows,-1040000.0
SGP,Singapore,2024,BX.KLT.DINV.CD.WD,FDI_Net_Inflows,151941202883.728
SGP,Singapore,2023,BX.KLT.DINV.CD.WD,FDI_Net_Inflows,132496437703.249
SGP,Singapore,2022,BX.KLT.DINV.CD.WD,FDI_Net_Inflows,149723718568.665
SGP,Singapore,2021,BX.KLT.DINV.CD.WD,FDI_Net_Inflows,145404929970.599
SGP,Singapore,2020,BX.KLT.DINV.CD.WD,FDI_Net_Inflows,79753262990.0522
SGP,Singapore,2019,BX.KLT.DINV.CD.WD,FDI_Net_Inflows,106572526405.17
SGP,Singapore,2018,BX.KLT.DINV.CD.WD,FDI_Net_Inflows,83413645041.1153
SGP,Singapore,2017,BX.KLT.DINV.CD.WD,FDI_Net_Inflows,101969983887.611
SGP,Singapore,2016,BX.KLT.DINV.CD.WD,FDI_Net_Inflows,65133174223.0874
SGP,Singapore,2015,BX.KLT.DINV.CD.WD,FDI_Net_Inflows,69774553124.9431
SGP,Singapore,2014,BX.KLT.DINV.CD.WD,FDI_Net_Inflows,68698472830.5907
SGP,Singapore,2013,BX.KLT.DINV.CD.WD,FDI_Net_Inflows,64389514904.4993
SGP,Singapore,2012,BX.KLT.DINV.CD.WD,FDI_Net_Inflows,55310807547.7034
SGP,Singapore,2011,BX.KLT.DINV.CD.WD,FDI_Net_Inflows,49155657316.2946
SGP,Singapore,2010,BX.KLT.DINV.CD.WD,FDI_Net_Inflows,55322434161.8742
SGP,Singapore,2009,BX.KLT.DINV.CD.WD,FDI_Net_Inflows,23436064059.7505
SGP,Singapore,2008,BX.KLT.DINV.CD.WD,FDI_Net_Inflows,13598298537.0175
SGP,Singapore,2007,BX.KLT.DINV.CD.WD,FDI_Net_Inflows,47337947782.775
SGP,Singapore,2006,BX.KLT.DINV.CD.WD,FDI_Net_Inflows,39129332046.6561
SGP,Singapore,2005,BX.KLT.DINV.CD.WD,FDI_Net_Inflows,19316058814.0753
SGP,Singapore,2004,BX.KLT.DINV.CD.WD,FDI_Net_Inflows,24390254965.552
SGP,Singapore,2003,BX.KLT.DINV.CD.WD,FDI_Net_Inflows,17051420152.8733
SGP,Singapore,2002,BX.KLT.DINV.CD.WD,FDI_Net_Inflows,6157194143.82424
SGP,Singapore,2001,BX.KLT.DINV.CD.WD,FDI_Net_Inflows,17006818857.2728
SGP,Singapore,2000,BX.KLT.DINV.CD.WD,FDI_Net_Inflows,15515295182.2254
SGP,Singapore,1999,BX.KLT.DINV.CD.WD,FDI_Net_Inflows,18852989358.6266
SGP,Singapore,1998,BX.KLT.DINV.CD.WD,FDI_Net_Inflows,5958646073.68737
SGP,Singapore,1997,BX.KLT.DINV.CD.WD,FDI_Net_Inflows,15701783678.7863
SGP,Singapore,1996,BX.KLT.DINV.CD.WD,FDI_Net_Inflows,11432363956.3629
SGP,Singapore,1995,BX.KLT.DINV.CD.WD,FDI_Net_Inflows,11942852103.36
SGP,Singapore,1994,BX.KLT.DINV.CD.WD,FDI_Net_Inflows,8550165226.98863
SGP,Singapore,1993,BX.KLT.DINV.CD.WD,FDI_Net_Inflows,4686312017.48989
SGP,Singapore,1992,BX.KLT.DINV.CD.WD,FDI_Net_Inflows,2204342221.03991
SGP,Singapore,1991,BX.KLT.DINV.CD.WD,FDI_Net_Inflows,4887094440.10303
SGP,Singapore,1990,BX.KLT.DINV.CD.WD,FDI_Net_Inflows,5574738855.37738
SGP,Singapore,1989,BX.KLT.DINV.CD.WD,FDI_Net_Inflows,2886591947.22067
SGP,Singapore,1988,BX.KLT.DINV.CD.WD,FDI_Net_Inflows,3654794588.61821
SGP,Singapore,1987,BX.KLT.DINV.CD.WD,FDI_Net_Inflows,2836204781.61429
SGP,Singapore,1986,BX.KLT.DINV.CD.WD,FDI_Net_Inflows,1710283593.07362
SGP,Singapore,1985,BX.KLT.DINV.CD.WD,FDI_Net_Inflows,1046746812.8759
SGP,Singapore,1984,BX.KLT.DINV.CD.WD,FDI_Net_Inflows,1301871313.24794
SGP,Singapore,1983,BX.KLT.DINV.CD.WD,FDI_Net_Inflows,1133905965.84743
SGP,Singapore,1982,BX.KLT.DINV.CD.WD,FDI_Net_Inflows,1601850446.29613
SGP,Singapore,1981,BX.KLT.DINV.CD.WD,FDI_Net_Inflows,1659967735.20666
SGP,Singapore,1980,BX.KLT.DINV.CD.WD,FDI_Net_Inflows,1235750842.05265
SGP,Singapore,1979,BX.KLT.DINV.CD.WD,FDI_Net_Inflows,836031838.203172
SGP,Singapore,1978,BX.KLT.DINV.CD.WD,FDI_Net_Inflows,299908752.212453
SGP,Singapore,1977,BX.KLT.DINV.CD.WD,FDI_Net_Inflows,291465114.461998
SGP,Singapore,1976,BX.KLT.DINV.CD.WD,FDI_Net_Inflows,230690621.686814
SGP,Singapore,1975,BX.KLT.DINV.CD.WD,FDI_Net_Inflows,291823050.760134
SGP,Singapore,1974,BX.KLT.DINV.CD.WD,FDI_Net_Inflows,340190955.715055
SGP,Singapore,1973,BX.KLT.DINV.CD.WD,FDI_Net_Inflows,352816700.92403
SGP,Singapore,1972,BX.KLT.DINV.CD.WD,FDI_Net_Inflows,161066666.723935
SGP,Singapore,1971,BX.KLT.DINV.CD.WD,FDI_Net_Inflows,116000000.0
SGP,Singapore,1970,BX.KLT.DINV.CD.WD,FDI_Net_Inflows,93000000.0
THA,Thailand,2024,BX.KLT.DINV.CD.WD,FDI_Net_Inflows,10099247879.4043
THA,Thailand,2023,BX.KLT.DINV.CD.WD,FDI_Net_Inflows,6516045720.14977
THA,Thailand,2022,BX.KLT.DINV.CD.WD,FDI_Net_Inflows,11854822037.8762
THA,Thailand,2021,BX.KLT.DINV.CD.WD,FDI_Net_Inflows,15389597696.242
THA,Thailand,2020,BX.KLT.DINV.CD.WD,FDI_Net_Inflows,-4293910676.95961
THA,Thailand,2019,BX.KLT.DINV.CD.WD,FDI_Net_Inflows,5534140214.60468
THA,Thailand,2018,BX.KLT.DINV.CD.WD,FDI_Net_Inflows,13747219811.1792
THA,Thailand,2017,BX.KLT.DINV.CD.WD,FDI_Net_Inflows,8285169819.69135
THA,Thailand,2016,BX.KLT.DINV.CD.WD,FDI_Net_Inflows,3486184390.30069
THA,Thailand,2015,BX.KLT.DINV.CD.WD,FDI_Net_Inflows,8927579182.16216
THA,Thailand,2014,BX.KLT.DINV.CD.WD,FDI_Net_Inflows,4975455660.4459
THA,Thailand,2013,BX.KLT.DINV.CD.WD,FDI_Net_Inflows,15935960664.8073
THA,Thailand,2012,BX.KLT.DINV.CD.WD,FDI_Net_Inflows,12899036062.7558
THA,Thailand,2011,BX.KLT.DINV.CD.WD,FDI_Net_Inflows,2473685995.7
THA,Thailand,2010,BX.KLT.DINV.CD.WD,FDI_Net_Inflows,14746672919.5999
THA,Thailand,2009,BX.KLT.DINV.CD.WD,FDI_Net_Inflows,6411458544.60001
THA,Thailand,2008,BX.KLT.DINV.CD.WD,FDI_Net_Inflows,8561557724.60001
THA,Thailand,2007,BX.KLT.DINV.CD.WD,FDI_Net_Inflows,8633903440.6
THA,Thailand,2006,BX.KLT.DINV.CD.WD,FDI_Net_Inflows,8917470351.2
THA,Thailand,2005,BX.KLT.DINV.CD.WD,FDI_Net_Inflows,8215637195.30001
THA,Thailand,2004,BX.KLT.DINV.CD.WD,FDI_Net_Inflows,5860255942.60102
THA,Thailand,2003,BX.KLT.DINV.CD.WD,FDI_Net_Inflows,5232270340.1941
THA,Thailand,2002,BX.KLT.DINV.CD.WD,FDI_Net_Inflows,3341612007.23692
THA,Thailand,2001,BX.KLT.DINV.CD.WD,FDI_Net_Inflows,5067170388.09022
THA,Thailand,2000,BX.KLT.DINV.CD.WD,FDI_Net_Inflows,3365987582.58309
THA,Thailand,1999,BX.KLT.DINV.CD.WD,FDI_Net_Inflows,6102677671.18095
THA,Thailand,1998,BX.KLT.DINV.CD.WD,FDI_Net_Inflows,7314804931.33013
THA,Thailand,1997,BX.KLT.DINV.CD.WD,FDI_Net_Inflows,3894755071.04503
THA,Thailand,1996,BX.KLT.DINV.CD.WD,FDI_Net_Inflows,2335837474.93165
THA,Thailand,1995,BX.KLT.DINV.CD.WD,FDI_Net_Inflows,2067936429.29444
THA,Thailand,1994,BX.KLT.DINV.CD.WD,FDI_Net_Inflows,1366440824.95193
THA,Thailand,1993,BX.KLT.DINV.CD.WD,FDI_Net_Inflows,1804040984.75618
THA,Thailand,1992,BX.KLT.DINV.CD.WD,FDI_Net_Inflows,2113021867.31996
THA,Thailand,1991,BX.KLT.DINV.CD.WD,FDI_Net_Inflows,2013985971.10096
THA,Thailand,1990,BX.KLT.DINV.CD.WD,FDI_Net_Inflows,2443549743.009
THA,Thailand,1989,BX.KLT.DINV.CD.WD,FDI_Net_Inflows,1775449345.30598
THA,Thailand,1988,BX.KLT.DINV.CD.WD,FDI_Net_Inflows,1105370109.53568
THA,Thailand,1987,BX.KLT.DINV.CD.WD,FDI_Net_Inflows,351932497.41629
THA,Thailand,1986,BX.KLT.DINV.CD.WD,FDI_Net_Inflows,262504153.775044
THA,Thailand,1985,BX.KLT.DINV.CD.WD,FDI_Net_Inflows,163200657.950608
THA,Thailand,1984,BX.KLT.DINV.CD.WD,FDI_Net_Inflows,401019248.882659
THA,Thailand,1983,BX.KLT.DINV.CD.WD,FDI_Net_Inflows,349606931.777924
THA,Thailand,1982,BX.KLT.DINV.CD.WD,FDI_Net_Inflows,190868602.226724
THA,Thailand,1981,BX.KLT.DINV.CD.WD,FDI_Net_Inflows,290555396.431713
THA,Thailand,1980,BX.KLT.DINV.CD.WD,FDI_Net_Inflows,189859432.271733
THA,Thailand,1979,BX.KLT.DINV.CD.WD,FDI_Net_Inflows,55280864.5720976
THA,Thailand,1978,BX.KLT.DINV.CD.WD,FDI_Net_Inflows,55653209.3150277
THA,Thailand,1977,BX.KLT.DINV.CD.WD,FDI_Net_Inflows,106077896.182212
THA,Thailand,1976,BX.KLT.DINV.CD.WD,FDI_Net_Inflows,79117247.8919088
THA,Thailand,1975,BX.KLT.DINV.CD.WD,FDI_Net_Inflows,85626229.2045746
THA,Thailand,1974,BX.KLT.DINV.CD.WD,FDI_Net_Inflows,188288646.4
THA,Thailand,1973,BX.KLT.DINV.CD.WD,FDI_Net_Inflows,77833711.6
THA,Thailand,1972,BX.KLT.DINV.CD.WD,FDI_Net_Inflows,68610576.9
THA,Thailand,1971,BX.KLT.DINV.CD.WD,FDI_Net_Inflows,38865384.6
THA,Thailand,1970,BX.KLT.DINV.CD.WD,FDI_Net_Inflows,42802884.6
VNM,Viet Nam,2024,BX.KLT.DINV.CD.WD,FDI_Net_Inflows,20170000000.0
VNM,Viet Nam,2023,BX.KLT.DINV.CD.WD,FDI_Net_Inflows,18500000000.0
VNM,Viet Nam,2022,BX.KLT.DINV.CD.WD,FDI_Net_Inflows,17900000000.0
VNM,Viet Nam,2021,BX.KLT.DINV.CD.WD,FDI_Net_Inflows,15660000000.0
VNM,Viet Nam,2020,BX.KLT.DINV.CD.WD,FDI_Net_Inflows,15800000000.0
VNM,Viet Nam,2019,BX.KLT.DINV.CD.WD,FDI_Net_Inflows,16120000000.0
VNM,Viet Nam,2018,BX.KLT.DINV.CD.WD,FDI_Net_Inflows,15500000000.0
VNM,Viet Nam,2017,BX.KLT.DINV.CD.WD,FDI_Net_Inflows,14100000000.0
VNM,Viet Nam,2016,BX.KLT.DINV.CD.WD,FDI_Net_Inflows,12600000000.0
VNM,Viet Nam,2015,BX.KLT.DINV.CD.WD,FDI_Net_Inflows,11800000000.0
VNM,Viet Nam,2014,BX.KLT.DINV.CD.WD,FDI_Net_Inflows,9200000000.0
VNM,Viet Nam,2013,BX.KLT.DINV.CD.WD,FDI_Net_Inflows,8900000000.0
VNM,Viet Nam,2012,BX.KLT.DINV.CD.WD,FDI_Net_Inflows,8368000000.0
VNM,Viet Nam,2011,BX.KLT.DINV.CD.WD,FDI_Net_Inflows,7430000000.0
VNM,Viet Nam,2010,BX.KLT.DINV.CD.WD,FDI_Net_Inflows,8000000000.0
VNM,Viet Nam,2009,BX.KLT.DINV.CD.WD,FDI_Net_Inflows,7600000000.0
VNM,Viet Nam,2008,BX.KLT.DINV.CD.WD,FDI_Net_Inflows,9579000000.0
VNM,Viet Nam,2007,BX.KLT.DINV.CD.WD,FDI_Net_Inflows,6700000000.0
VNM,Viet Nam,2006,BX.KLT.DINV.CD.WD,FDI_Net_Inflows,2400000000.0
VNM,Viet Nam,2005,BX.KLT.DINV.CD.WD,FDI_Net_Inflows,1954000000.0
VNM,Viet Nam,2004,BX.KLT.DINV.CD.WD,FDI_Net_Inflows,1610000000.0
VNM,Viet Nam,2003,BX.KLT.DINV.CD.WD,FDI_Net_Inflows,1450000000.0
VNM,Viet Nam,2002,BX.KLT.DINV.CD.WD,FDI_Net_Inflows,1400000000.0
VNM,Viet Nam,2001,BX.KLT.DINV.CD.WD,FDI_Net_Inflows,1300000000.0
VNM,Viet Nam,2000,BX.KLT.DINV.CD.WD,FDI_Net_Inflows,1298000000.0
VNM,Viet Nam,1999,BX.KLT.DINV.CD.WD,FDI_Net_Inflows,1412000000.0
VNM,Viet Nam,1998,BX.KLT.DINV.CD.WD,FDI_Net_Inflows,1671000000.0
VNM,Viet Nam,1997,BX.KLT.DINV.CD.WD,FDI_Net_Inflows,2220000000.0
VNM,Viet Nam,1996,BX.KLT.DINV.CD.WD,FDI_Net_Inflows,2395000000.0
VNM,Viet Nam,1995,BX.KLT.DINV.CD.WD,FDI_Net_Inflows,1780400000.0
VNM,Viet Nam,1994,BX.KLT.DINV.CD.WD,FDI_Net_Inflows,1944515940.0
VNM,Viet Nam,1993,BX.KLT.DINV.CD.WD,FDI_Net_Inflows,926303710.0
VNM,Viet Nam,1992,BX.KLT.DINV.CD.WD,FDI_Net_Inflows,473945860.0
VNM,Viet Nam,1991,BX.KLT.DINV.CD.WD,FDI_Net_Inflows,375190280.0
VNM,Viet Nam,1990,BX.KLT.DINV.CD.WD,FDI_Net_Inflows,180000000.0
VNM,Viet Nam,1989,BX.KLT.DINV.CD.WD,FDI_Net_Inflows,4070000.0
VNM,Viet Nam,1988,BX.KLT.DINV.CD.WD,FDI_Net_Inflows,7679999.9
VNM,Viet Nam,1987,BX.KLT.DINV.CD.WD,FDI_Net_Inflows,10363703.7
VNM,Viet Nam,1986,BX.KLT.DINV.CD.WD,FDI_Net_Inflows,40000.0
VNM,Viet Nam,1985,BX.KLT.DINV.CD.WD,FDI_Net_Inflows,-80000.0
VNM,Viet Nam,1984,BX.KLT.DINV.CD.WD,FDI_Net_Inflows,690000.0
VNM,Viet Nam,1983,BX.KLT.DINV.CD.WD,FDI_Net_Inflows,131111.1
VNM,Viet Nam,1982,BX.KLT.DINV.CD.WD,FDI_Net_Inflows,13050000.0
VNM,Viet Nam,1981,BX.KLT.DINV.CD.WD,FDI_Net_Inflows,17910000.0
VNM,Viet Nam,1980,BX.KLT.DINV.CD.WD,FDI_Net_Inflows,1666666.6
VNM,Viet Nam,1979,BX.KLT.DINV.CD.WD,FDI_Net_Inflows,-60000.0
VNM,Viet Nam,1978,BX.KLT.DINV.CD.WD,FDI_Net_Inflows,463333.3
VNM,Viet Nam,1977,BX.KLT.DINV.CD.WD,FDI_Net_Inflows,-10000.0
VNM,Viet Nam,1976,BX.KLT.DINV.CD.WD,FDI_Net_Inflows,-340000.0
VNM,Viet Nam,1975,BX.KLT.DINV.CD.WD,FDI_Net_Inflows,4089999.9
VNM,Viet Nam,1974,BX.KLT.DINV.CD.WD,FDI_Net_Inflows,1250000.0
VNM,Viet Nam,1973,BX.KLT.DINV.CD.WD,FDI_Net_Inflows,1030000.0
VNM,Viet Nam,1972,BX.KLT.DINV.CD.WD,FDI_Net_Inflows,-890000.0
VNM,Viet Nam,1971,BX.KLT.DINV.CD.WD,FDI_Net_Inflows,1820000.0
VNM,Viet Nam,1970,BX.KLT.DINV.CD.WD,FDI_Net_Inflows,70000.0
